CountyFIPS,StateDesc,StateAbbr,CountyName,scoring_referent,stroke_belt,cle8_point,cle8_lower,cle8_upper,cle8_range,cvh_cat_point,cvh_cat_lower,cvh_cat_upper,cvh_cat_stable,behavior_point,behavior_lower,behavior_upper,behavior_range,factor_point,factor_lower,factor_upper,factor_range,lpa_point,lpa_lower,lpa_upper,lpa_range,lpa_ci_width_pp,smoking_point,smoking_lower,smoking_upper,smoking_range,smoking_ci_width_pp,sleep_point,sleep_lower,sleep_upper,sleep_range,sleep_ci_width_pp,diet_point,diet_lower,diet_upper,diet_range,diet_ci_width_pp,bp_point,bp_lower,bp_upper,bp_range,bp_ci_width_pp,chol_point,chol_lower,chol_upper,chol_range,chol_ci_width_pp,glucose_point,glucose_lower,glucose_upper,glucose_range,glucose_ci_width_pp,obesity_point,obesity_lower,obesity_upper,obesity_range,obesity_ci_width_pp
06001,California,CA,Alameda,within_state,none,81.25,73.75,88.75,15,High,Moderate,High,FALSE,80,72.5,87.5,15,82.5,75,90,15,90,80,90,10,5.400000000000002,100,100,100,0,2.6999999999999993,60,40,90,50,8.399999999999999,70,70,70,0,3,90,80,90,10,6.399999999999999,60,40,90,50,7.300000000000001,80,80,80,0,2.5,100,100,100,0,6.699999999999999
06003,California,CA,Alpine,within_state,none,77.5,70,78.75,8.75,Moderate,Moderate,Moderate,TRUE,75,77.5,72.5,5,80,62.5,85,22.5,90,90,90,0,6.700000000000001,60,60,60,0,3.700000000000001,60,70,50,20,13.999999999999996,90,90,90,0,2.700000000000001,70,40,90,50,3.8999999999999986,100,40,100,60,4.5,90,90,90,0,2.5999999999999996,60,80,60,20,14.700000000000003
06005,California,CA,Amador,within_state,none,78.75,81.25,72.5,8.75,Moderate,High,Moderate,FALSE,75,77.5,70,7.5,82.5,85,75,10,90,90,80,10,6.699999999999999,60,60,60,0,3.5,70,70,60,10,12.900000000000002,80,90,80,10,2.9000000000000004,70,80,70,10,7.699999999999999,80,80,70,10,9.2,90,90,80,10,2.7,90,90,80,10,13.000000000000004
06007,California,CA,Butte,within_state,none,56.25,58.75,57.5,1.25,Moderate,Moderate,Moderate,TRUE,60,62.5,60,2.5,52.5,55,55,0,50,50,50,0,7.599999999999998,40,40,40,0,3.799999999999999,80,90,80,10,12.800000000000004,70,70,70,0,3,40,40,50,10,7.599999999999998,60,60,60,0,8.899999999999999,60,70,60,10,2.9000000000000004,50,50,50,0,13.599999999999998
06009,California,CA,Calaveras,within_state,none,61.25,66.25,61.25,5,Moderate,Moderate,Moderate,TRUE,57.5,57.5,57.5,0,65,75,65,10,70,70,70,0,6.900000000000002,40,40,40,0,3.799999999999999,60,60,60,0,12.900000000000002,60,60,60,0,3.3000000000000007,50,60,60,0,7.199999999999999,70,80,60,20,9.499999999999996,70,80,70,10,2.700000000000001,70,80,70,10,13.399999999999999
06011,California,CA,Colusa,within_state,none,35,41.25,31.25,10,Low,Low,Low,TRUE,35,37.5,32.5,5,35,45,30,15,20,20,20,0,8.8,40,40,40,0,4,70,80,60,20,13.5,10,10,10,0,4.700000000000003,40,50,40,10,7.899999999999999,30,50,20,30,9.5,20,30,20,10,3.200000000000001,50,50,40,10,14.700000000000003
06013,California,CA,Contra Costa,within_state,none,81.25,77.5,86.25,8.75,High,Moderate,High,FALSE,75,75,82.5,7.5,87.5,80,90,10,90,90,90,0,5.699999999999999,90,90,90,0,2.8000000000000007,40,40,70,30,9.399999999999999,80,80,80,0,2.9000000000000004,100,90,100,10,6.199999999999999,100,100,100,0,7.300000000000001,70,70,70,0,2.6999999999999993,80,60,90,30,9.2
06015,California,CA,Del Norte,within_state,none,26.25,31.25,21.25,10,Low,Low,Low,TRUE,25,30,22.5,7.5,27.5,32.5,20,12.5,30,30,20,10,9,10,10,10,0,4.800000000000001,10,30,10,20,15.099999999999998,50,50,50,0,3.6999999999999993,20,20,10,10,8.300000000000004,30,50,30,20,9.5,30,30,30,0,3.200000000000001,30,30,10,20,16
06017,California,CA,El Dorado,within_state,none,91.25,92.5,87.5,5,High,High,High,TRUE,92.5,92.5,90,2.5,90,92.5,85,7.5,100,100,100,0,5.799999999999999,90,90,90,0,3.1000000000000014,80,80,70,10,12.199999999999996,100,100,100,0,2.5999999999999996,90,100,90,10,7.399999999999999,70,70,60,10,9.000000000000004,100,100,100,0,2.3999999999999995,100,100,90,10,11.5
06019,California,CA,Fresno,within_state,none,25,22.5,28.75,6.25,Low,Low,Low,TRUE,30,27.5,37.5,10,20,17.5,20,2.5,30,30,30,0,7.299999999999997,40,40,50,10,3.6000000000000014,40,30,60,30,10.2,10,10,10,0,4.699999999999999,10,10,10,0,7.600000000000001,40,40,40,0,8.5,20,10,20,10,3.299999999999999,10,10,10,0,11
06021,California,CA,Glenn,within_state,none,31.25,33.75,28.75,5,Low,Low,Low,TRUE,27.5,30,25,5,35,37.5,32.5,5,20,20,20,0,8.100000000000001,30,30,30,0,3.8999999999999986,30,40,20,20,13.399999999999999,30,30,30,0,4.399999999999999,30,30,30,0,8.099999999999998,60,60,50,10,9.3,30,30,30,0,3,20,30,20,10,14.400000000000002
06023,California,CA,Humboldt,within_state,none,38.75,40,41.25,1.25,Low,Low,Low,TRUE,40,42.5,40,2.5,37.5,37.5,42.5,5,60,60,60,0,7.400000000000002,10,10,10,0,4.500000000000002,30,40,30,10,12.599999999999998,60,60,60,0,3.1999999999999993,30,20,40,20,6.100000000000001,20,30,30,0,8.7,70,70,70,0,2.799999999999999,30,30,30,0,13.3
06025,California,CA,Imperial,within_state,none,17.5,20,17.5,2.5,Low,Low,Low,TRUE,20,20,20,0,15,20,15,5,10,10,10,0,9.400000000000002,50,50,50,0,3.8000000000000007,10,10,10,0,13.799999999999997,10,10,10,0,5.300000000000001,20,30,20,10,7.899999999999999,20,30,20,10,9.2,10,10,10,0,4.000000000000002,10,10,10,0,14.900000000000002
06027,California,CA,Inyo,within_state,none,73.75,76.25,67.5,8.75,Moderate,Moderate,Moderate,TRUE,70,70,62.5,7.5,77.5,82.5,72.5,10,80,80,70,10,7.300000000000001,50,50,50,0,3.5999999999999996,90,90,70,20,13.700000000000003,60,60,60,0,3.1999999999999993,80,80,70,10,7.899999999999999,90,100,80,20,9.399999999999999,80,80,80,0,2.5999999999999996,60,70,60,10,14.700000000000003
06029,California,CA,Kern,within_state,none,12.5,13.75,18.75,5,Low,Low,Low,TRUE,15,15,20,5,10,12.5,17.5,5,10,10,10,0,7.899999999999999,20,20,20,0,4,10,10,30,20,10.399999999999999,20,20,20,0,4.400000000000002,10,10,20,10,7.399999999999999,10,20,20,0,8.400000000000002,10,10,10,0,3.299999999999999,10,10,20,10,11
06031,California,CA,Kings,within_state,none,22.5,25,20,5,Low,Low,Low,TRUE,22.5,25,20,5,22.5,25,20,5,10,10,10,0,9,20,20,20,0,4.199999999999999,40,50,30,20,13.2,20,20,20,0,4.5,10,10,10,0,8.100000000000001,20,30,20,10,9.299999999999997,10,20,10,10,3.5999999999999996,50,40,40,0,13.999999999999996
06033,California,CA,Lake,within_state,none,55,55,52.5,2.5,Moderate,Moderate,Moderate,TRUE,47.5,50,47.5,2.5,62.5,60,57.5,2.5,50,50,50,0,7.399999999999999,50,50,50,0,3.6999999999999993,50,60,50,10,13.100000000000001,40,40,40,0,3.8000000000000007,40,50,40,10,7.799999999999997,80,70,70,0,9,70,60,60,0,2.799999999999999,60,60,60,0,13.7
06035,California,CA,Lassen,within_state,none,30,31.25,27.5,3.75,Low,Low,Low,TRUE,25,25,25,0,35,37.5,30,7.5,40,40,40,0,7.900000000000002,20,10,20,10,4.200000000000001,10,20,10,10,14.300000000000004,30,30,30,0,3.8999999999999986,20,20,20,0,8.5,40,50,30,20,9.599999999999998,40,40,40,0,2.8000000000000007,40,40,30,10,15
06037,California,CA,Los Angeles,within_state,none,52.5,41.25,70,28.75,Moderate,Low,Moderate,FALSE,55,47.5,75,27.5,50,35,65,30,50,40,70,30,4.300000000000001,90,90,90,0,2.4000000000000004,40,20,90,70,5.900000000000006,40,40,50,10,3.1000000000000014,70,50,80,30,4.800000000000001,10,10,40,30,5.600000000000001,30,20,40,20,2.299999999999999,90,60,100,40,5.5
06039,California,CA,Madera,within_state,none,25,26.25,21.25,5,Low,Low,Low,TRUE,25,25,25,0,25,27.5,17.5,10,20,20,20,0,8.999999999999996,30,30,40,10,4,30,30,20,10,13.299999999999997,20,20,20,0,4.599999999999998,40,40,30,10,8.100000000000001,30,30,10,20,9.299999999999997,20,20,20,0,3.5,10,20,10,10,14.3
06041,California,CA,Marin,within_state,none,100,100,98.75,1.25,High,High,High,TRUE,100,100,100,0,100,100,97.5,2.5,100,100,100,0,4.800000000000001,100,100,100,0,2.1999999999999993,100,100,100,0,11.399999999999999,100,100,100,0,2.1000000000000005,100,100,100,0,6.300000000000001,100,100,100,0,8.2,100,100,100,0,2.2,100,100,90,10,11
06043,California,CA,Mariposa,within_state,none,51.25,57.5,47.5,10,Moderate,Moderate,Low,FALSE,47.5,57.5,45,12.5,55,57.5,50,7.5,50,60,50,10,7.800000000000001,10,20,10,10,4.300000000000001,50,70,40,30,13.899999999999999,80,80,80,0,2.8999999999999986,50,50,40,10,7.9999999999999964,70,70,60,10,9.199999999999996,60,60,60,0,2.9000000000000004,40,50,40,10,14.899999999999999
06045,California,CA,Mendocino,within_state,none,53.75,57.5,52.5,5,Moderate,Moderate,Moderate,TRUE,50,52.5,50,2.5,57.5,62.5,55,7.5,60,60,60,0,7.299999999999997,40,40,40,0,3.6999999999999993,50,60,50,10,13.000000000000004,50,50,50,0,3.400000000000002,50,60,50,10,7.899999999999999,50,60,40,20,9.199999999999996,60,60,60,0,2.8000000000000007,70,70,70,0,13.399999999999999
06047,California,CA,Merced,within_state,none,12.5,17.5,11.25,6.25,Low,Low,Low,TRUE,10,12.5,10,2.5,15,22.5,12.5,10,10,10,10,0,9.5,10,10,10,0,4.600000000000001,10,20,10,10,13.400000000000006,10,10,10,0,4.699999999999999,10,20,10,10,8.299999999999997,20,30,10,20,9.5,10,10,10,0,3.6999999999999993,20,30,20,10,14.100000000000001
06049,California,CA,Modoc,within_state,none,55,61.25,50,11.25,Moderate,Moderate,Moderate,TRUE,55,62.5,45,17.5,55,60,55,5,60,60,50,10,7.600000000000001,50,50,40,10,3.8000000000000007,70,90,50,40,14.099999999999998,40,50,40,10,3.8999999999999986,40,40,40,0,8.099999999999998,60,70,50,20,9.5,60,60,70,10,2.6999999999999993,60,70,60,10,14.900000000000002
06051,California,CA,Mono,within_state,none,81.25,86.25,76.25,10,High,High,Moderate,FALSE,82.5,87.5,77.5,10,80,85,75,10,80,90,80,10,6.899999999999999,70,70,70,0,3.4000000000000004,90,100,70,30,13.899999999999999,90,90,90,0,2.5999999999999996,80,80,80,0,7.399999999999999,80,80,60,20,9.300000000000004,90,90,90,0,2.5999999999999996,70,90,70,20,14.799999999999997
06053,California,CA,Monterey,within_state,none,41.25,38.75,42.5,3.75,Low,Low,Low,TRUE,45,42.5,47.5,5,37.5,35,37.5,2.5,30,30,30,0,7.5,50,50,50,0,3.6000000000000014,70,60,80,20,11,30,30,30,0,4.200000000000003,60,60,50,10,7.5,20,20,20,0,8.8,30,30,30,0,3.1000000000000014,40,30,50,20,11.799999999999997
06055,California,CA,Napa,within_state,none,68.75,72.5,63.75,8.75,Moderate,Moderate,Moderate,TRUE,67.5,70,62.5,7.5,70,75,65,10,50,50,40,10,7.699999999999999,70,70,70,0,3.3999999999999986,90,100,80,20,13.100000000000001,60,60,60,0,3.1999999999999993,80,90,80,10,7.200000000000003,50,50,40,10,9,70,70,70,0,2.8000000000000007,80,90,70,20,13.499999999999996
06057,California,CA,Nevada,within_state,none,71.25,76.25,68.75,7.5,Moderate,Moderate,Moderate,TRUE,67.5,72.5,65,7.5,75,80,72.5,7.5,60,70,60,10,7.5,30,30,30,0,4.099999999999998,80,90,70,20,13,100,100,100,0,2,70,80,70,10,7.800000000000001,80,80,70,10,9.200000000000003,90,90,90,0,2.5999999999999996,60,70,60,10,13.599999999999998
06059,California,CA,Orange,within_state,none,68.75,62.5,78.75,16.25,Moderate,Moderate,Moderate,TRUE,70,67.5,85,17.5,67.5,57.5,72.5,15,70,70,80,10,5.300000000000001,80,80,90,10,2.700000000000001,40,30,80,50,7.799999999999997,90,90,90,0,2.5999999999999996,90,80,90,10,5.600000000000001,30,10,50,40,7.100000000000001,60,50,60,10,2.6000000000000014,90,90,90,0,7.300000000000001
06061,California,CA,Placer,within_state,none,92.5,91.25,92.5,1.25,High,High,High,TRUE,92.5,90,92.5,2.5,92.5,92.5,92.5,0,100,100,100,0,5.800000000000001,80,80,80,0,3.0999999999999996,90,80,90,10,11.000000000000004,100,100,100,0,1.8999999999999995,90,90,90,0,7,90,90,90,0,8.399999999999999,100,100,100,0,2.4000000000000004,90,90,90,0,10.600000000000001
06063,California,CA,Plumas,within_state,none,80,82.5,76.25,6.25,High,High,Moderate,FALSE,77.5,80,72.5,7.5,82.5,85,80,5,80,90,80,10,7.200000000000001,60,60,60,0,3.8000000000000007,90,90,70,20,13.600000000000001,80,80,80,0,3,70,70,60,10,7.600000000000001,90,90,90,0,9,100,100,100,0,2.6000000000000005,70,80,70,10,14.300000000000004
06065,California,CA,Riverside,within_state,none,42.5,38.75,55,16.25,Low,Low,Moderate,FALSE,45,42.5,50,7.5,40,35,60,25,40,40,40,0,6,80,80,80,0,3,20,10,40,30,8.300000000000004,40,40,40,0,3.6999999999999993,60,60,80,20,5.799999999999997,40,20,60,40,7.100000000000001,40,40,50,10,2.700000000000001,20,20,50,30,8.699999999999996
06067,California,CA,Sacramento,within_state,none,50,43.75,57.5,13.75,Moderate,Low,Moderate,FALSE,45,40,52.5,12.5,55,47.5,62.5,15,50,40,50,10,6,60,60,70,10,3.299999999999999,20,10,40,30,8.699999999999996,50,50,50,0,3.200000000000001,50,40,60,20,6.600000000000001,100,90,100,10,7.299999999999997,40,40,40,0,2.6999999999999993,30,20,50,30,8.899999999999999
06069,California,CA,San Benito,within_state,none,62.5,67.5,61.25,6.25,Moderate,Moderate,Moderate,TRUE,55,57.5,57.5,0,70,77.5,65,12.5,40,50,50,0,7.699999999999999,80,80,80,0,3.0999999999999996,70,70,60,10,12.799999999999997,30,30,40,10,4,80,90,80,10,7.600000000000001,80,90,70,20,9.3,50,50,40,10,3,70,80,70,10,13.100000000000001
06071,California,CA,San Bernardino,within_state,none,28.75,22.5,36.25,13.75,Low,Low,Low,TRUE,35,30,40,10,22.5,15,32.5,17.5,20,20,30,10,6.600000000000001,70,70,70,0,3.200000000000001,30,10,40,30,8.699999999999996,20,20,20,0,4.100000000000001,20,10,30,20,6.199999999999999,30,20,50,30,7.199999999999999,20,20,20,0,3.0999999999999996,20,10,30,20,9.2
06073,California,CA,San Diego,within_state,none,77.5,66.25,87.5,21.25,Moderate,Moderate,High,FALSE,77.5,65,82.5,17.5,77.5,67.5,92.5,25,90,80,90,10,4.600000000000001,90,90,90,0,2.5,70,30,90,60,7.100000000000001,60,60,60,0,3.1000000000000014,100,90,100,10,5.399999999999999,50,20,90,70,6.700000000000003,70,70,80,10,2.3999999999999986,90,90,100,10,6.800000000000001
06075,California,CA,San Francisco,within_state,none,92.5,87.5,93.75,6.25,High,High,High,TRUE,97.5,92.5,97.5,5,87.5,82.5,90,7.5,100,100,100,0,5.300000000000001,100,100,100,0,2.4000000000000004,100,80,100,20,9.200000000000003,90,90,90,0,2.3000000000000007,100,100,100,0,6.5,70,50,80,30,7.9999999999999964,80,80,80,0,2.5,100,100,100,0,7.199999999999999
06077,California,CA,San Joaquin,within_state,none,33.75,31.25,36.25,5,Low,Low,Low,TRUE,37.5,37.5,40,2.5,30,25,32.5,7.5,40,40,40,0,6.800000000000001,70,70,70,0,3.1999999999999993,20,20,30,10,10.200000000000003,20,20,20,0,4.199999999999999,50,40,50,10,7.099999999999998,10,10,10,0,8.599999999999998,30,30,30,0,3,30,20,40,20,10.500000000000004
06079,California,CA,San Luis Obispo,within_state,none,90,88.75,87.5,1.25,High,High,High,TRUE,87.5,90,87.5,2.5,92.5,87.5,87.5,0,100,100,100,0,5.899999999999999,80,80,80,0,3.1000000000000014,90,100,90,10,11.500000000000004,80,80,80,0,3,80,70,70,0,7.299999999999997,100,100,100,0,8.399999999999999,100,100,100,0,2.3999999999999995,90,80,80,0,11.800000000000004
06081,California,CA,San Mateo,within_state,none,93.75,93.75,96.25,2.5,High,High,High,TRUE,100,100,100,0,87.5,87.5,92.5,5,100,100,100,0,5.699999999999999,100,100,100,0,2.5,100,100,100,0,9.600000000000001,100,100,100,0,2.1000000000000014,100,100,100,0,6.600000000000001,60,60,80,20,8.200000000000003,90,90,90,0,2.499999999999999,100,100,100,0,8.7
06083,California,CA,Santa Barbara,within_state,none,72.5,68.75,73.75,5,Moderate,Moderate,Moderate,TRUE,80,75,80,5,65,62.5,67.5,5,70,70,70,0,6.599999999999998,100,100,100,0,2.8000000000000007,100,90,100,10,10.899999999999999,50,40,50,10,3.6999999999999993,90,90,80,10,6.900000000000002,70,70,80,10,8.5,50,50,50,0,2.8000000000000007,50,40,60,20,11.600000000000001
06085,California,CA,Santa Clara,within_state,none,83.75,80,88.75,8.75,High,High,High,TRUE,95,90,97.5,7.5,72.5,70,80,10,80,80,90,10,5.300000000000001,100,100,100,0,2.3000000000000007,100,80,100,20,7.800000000000004,100,100,100,0,2.1000000000000005,100,100,100,0,5.899999999999999,40,30,70,40,7.5,50,50,50,0,2.6000000000000014,100,100,100,0,6.900000000000002
06087,California,CA,Santa Cruz,within_state,none,77.5,73.75,80,6.25,Moderate,Moderate,High,FALSE,80,75,80,5,75,72.5,80,7.5,70,70,70,0,6.600000000000001,80,80,80,0,3.0999999999999996,80,70,80,10,11.500000000000004,90,80,90,10,2.8000000000000007,80,70,70,0,7.600000000000001,70,80,80,0,8.899999999999999,80,80,90,10,2.500000000000001,70,60,80,20,12
06089,California,CA,Shasta,within_state,none,68.75,70,66.25,3.75,Moderate,Moderate,Moderate,TRUE,57.5,60,55,5,80,80,77.5,2.5,80,80,80,0,6.600000000000001,50,50,50,0,3.6999999999999993,20,30,10,20,12.999999999999996,80,80,80,0,3,70,70,70,0,7.300000000000001,90,100,90,10,8.5,80,70,70,0,2.5999999999999996,80,80,80,0,12.7
06091,California,CA,Sierra,within_state,none,63.75,68.75,56.25,12.5,Moderate,Moderate,Moderate,TRUE,60,65,50,15,67.5,72.5,62.5,10,70,70,60,10,7.800000000000001,40,40,30,10,4.1,60,80,40,40,14.7,70,70,70,0,3.200000000000001,60,70,60,10,7.899999999999999,80,80,70,10,9.099999999999998,80,80,80,0,2.7,50,60,40,20,15.8
06093,California,CA,Siskiyou,within_state,none,45,50,43.75,6.25,Low,Moderate,Low,FALSE,45,47.5,45,2.5,45,52.5,42.5,10,60,60,60,0,7.5,30,30,30,0,4,50,60,50,10,13.399999999999999,40,40,40,0,3.8000000000000007,40,50,40,10,8,50,60,40,20,9.400000000000002,60,60,60,0,2.799999999999999,30,40,30,10,14.499999999999996
06095,California,CA,Solano,within_state,none,52.5,52.5,55,2.5,Moderate,Moderate,Moderate,TRUE,52.5,50,52.5,2.5,52.5,55,57.5,2.5,60,50,60,10,7.100000000000001,60,60,60,0,3.5,20,20,20,0,11.5,70,70,70,0,3.200000000000001,60,60,60,0,7.100000000000001,90,90,90,0,8.5,30,40,30,10,3.0999999999999996,30,30,50,20,11.500000000000004
06097,California,CA,Sonoma,within_state,none,90,87.5,91.25,3.75,High,High,High,TRUE,87.5,82.5,87.5,5,92.5,92.5,95,2.5,90,90,90,0,5.9,90,90,90,0,2.9000000000000004,80,60,80,20,11.000000000000004,90,90,90,0,2.5999999999999996,90,100,90,10,7.199999999999999,100,100,100,0,8.399999999999999,100,100,100,0,2.3999999999999995,80,70,90,20,11
06099,California,CA,Stanislaus,within_state,none,37.5,37.5,35,2.5,Low,Low,Low,TRUE,45,42.5,42.5,0,30,32.5,27.5,5,30,30,30,0,7.699999999999999,70,70,60,10,3.6000000000000014,50,40,50,10,11.699999999999996,30,30,30,0,4.200000000000003,30,30,30,0,7.700000000000003,30,40,30,10,8.8,40,40,30,10,3.0999999999999996,20,20,20,0,12.5
06101,California,CA,Sutter,within_state,none,26.25,26.25,23.75,2.5,Low,Low,Low,TRUE,25,27.5,22.5,5,27.5,25,25,0,20,20,20,0,8.899999999999999,20,20,20,0,4.200000000000001,30,40,20,20,14.100000000000001,30,30,30,0,4,30,30,30,0,8.100000000000001,10,10,10,0,9.8,20,20,20,0,3.200000000000001,50,40,40,0,14.699999999999996
06103,California,CA,Tehama,within_state,none,36.25,42.5,30,12.5,Low,Low,Low,TRUE,32.5,40,27.5,12.5,40,45,32.5,12.5,30,40,30,10,8.5,20,20,20,0,4.300000000000001,30,50,20,30,14.299999999999997,50,50,40,10,3.9000000000000004,30,30,20,10,8.500000000000004,40,50,30,20,9.400000000000002,50,50,50,0,2.9000000000000004,40,50,30,20,15.5
06105,California,CA,Trinity,within_state,none,41.25,48.75,33.75,15,Low,Low,Low,TRUE,42.5,47.5,35,12.5,40,50,32.5,17.5,40,50,40,10,8.5,10,10,10,0,4.699999999999999,60,70,30,40,14.599999999999998,60,60,60,0,3.4999999999999982,20,20,20,0,8.399999999999999,50,70,40,30,9.599999999999998,50,60,50,10,3,40,50,20,30,15.999999999999996
06107,California,CA,Tulare,within_state,none,18.75,17.5,18.75,1.25,Low,Low,Low,TRUE,27.5,25,27.5,2.5,10,10,10,0,10,10,10,0,8.7,30,30,30,0,3.8999999999999986,60,50,60,10,11.899999999999999,10,10,10,0,4.899999999999999,10,10,10,0,8.200000000000003,10,10,10,0,9.3,10,10,10,0,3.5,10,10,10,0,13.3
06109,California,CA,Tuolumne,within_state,none,68.75,70,65,5,Moderate,Moderate,Moderate,TRUE,62.5,65,60,5,75,75,70,5,80,80,80,0,6.800000000000001,60,60,60,0,3.6000000000000014,40,50,30,20,13.399999999999999,70,70,70,0,3.1000000000000014,60,70,60,10,7.599999999999998,90,90,80,10,9,90,90,90,0,2.5999999999999996,60,50,50,0,14
06111,California,CA,Ventura,within_state,none,65,56.25,65,8.75,Moderate,Moderate,Moderate,TRUE,72.5,62.5,72.5,10,57.5,50,57.5,7.5,70,60,70,10,6.300000000000001,90,90,80,10,2.9000000000000004,80,50,90,40,10,50,50,50,0,3.4000000000000004,50,50,50,0,7,50,40,50,10,8.2,50,50,50,0,2.6999999999999993,80,60,80,20,10.2
06113,California,CA,Yolo,within_state,none,62.5,60,60,0,Moderate,Moderate,Moderate,TRUE,70,67.5,70,2.5,55,52.5,50,2.5,40,30,40,10,7.300000000000001,70,70,70,0,3.200000000000001,100,100,100,0,11,70,70,70,0,3.1000000000000014,60,60,50,10,7.600000000000001,40,40,30,10,9.100000000000001,40,40,40,0,2.799999999999999,80,70,80,10,11.399999999999999
06115,California,CA,Yuba,within_state,none,40,38.75,35,3.75,Low,Low,Low,TRUE,37.5,37.5,32.5,5,42.5,40,37.5,2.5,30,30,30,0,8.2,30,30,30,0,4,50,50,40,10,13.3,40,40,30,10,4.099999999999998,30,30,30,0,7.5,60,60,50,10,8.799999999999997,40,30,40,10,3,40,40,30,10,14.400000000000002
13001,Georgia,GA,Appling,within_state,full,51.25,52.5,52.5,0,Moderate,Moderate,Moderate,TRUE,55,55,55,0,47.5,50,50,0,50,50,50,0,9.099999999999998,50,50,50,0,4.600000000000001,70,70,70,0,13.699999999999996,50,50,50,0,4.5,40,40,40,0,8.899999999999999,30,40,40,0,9.5,60,60,60,0,3.3000000000000007,60,60,60,0,15.5
13003,Georgia,GA,Atkinson,within_state,full,30,31.25,26.25,5,Low,Low,Low,TRUE,32.5,32.5,30,2.5,27.5,30,22.5,7.5,20,20,20,0,9.999999999999996,30,30,30,0,5.100000000000001,70,70,60,10,14.599999999999998,10,10,10,0,5.200000000000003,40,40,40,0,8.899999999999999,20,20,10,10,9.799999999999997,10,10,10,0,3.900000000000002,40,50,30,20,17
13005,Georgia,GA,Bacon,within_state,full,43.75,45,37.5,7.5,Low,Low,Low,TRUE,40,40,35,5,47.5,50,40,10,40,40,30,10,9.899999999999999,20,20,20,0,5.199999999999999,50,50,40,10,15,50,50,50,0,4.300000000000001,60,60,50,10,9.5,10,20,10,10,10.2,60,60,60,0,3.5,60,60,40,20,17.200000000000003
13007,Georgia,GA,Baker,within_state,full,38.75,42.5,35,7.5,Low,Low,Low,TRUE,50,50,45,5,27.5,35,25,10,50,50,40,10,9.099999999999998,70,70,70,0,4.299999999999999,50,50,40,10,14.600000000000001,30,30,30,0,4.799999999999997,20,20,20,0,9.399999999999999,30,40,20,20,10,20,30,20,10,3.6999999999999993,40,50,40,10,16.5
13009,Georgia,GA,Baldwin,within_state,full,52.5,55,46.25,8.75,Moderate,Moderate,Low,FALSE,50,52.5,47.5,5,55,57.5,45,12.5,60,60,50,10,9.3,60,70,60,10,4.699999999999999,20,20,20,0,14.5,60,60,60,0,4,40,40,30,10,9.100000000000001,80,80,60,20,9.7,30,40,30,10,3.5999999999999996,70,70,60,10,15.899999999999999
13011,Georgia,GA,Banks,within_state,full,63.75,68.75,60,8.75,Moderate,Moderate,Moderate,TRUE,52.5,57.5,50,7.5,75,80,70,10,50,60,50,10,9.700000000000003,10,10,10,0,5.5,80,90,70,20,14.7,70,70,70,0,4.099999999999998,90,90,90,0,8.7,30,40,30,10,9.699999999999996,90,90,80,10,3.1999999999999993,90,100,80,20,16.3
13013,Georgia,GA,Barrow,within_state,full,73.75,77.5,80,2.5,Moderate,Moderate,High,FALSE,82.5,82.5,85,2.5,65,72.5,75,2.5,90,90,90,0,7.799999999999997,90,90,90,0,3.6999999999999993,70,70,80,10,12.500000000000004,80,80,80,0,3.400000000000002,90,90,90,0,8.100000000000001,30,50,50,0,9.299999999999997,80,90,90,0,3,60,60,70,10,14
13015,Georgia,GA,Bartow,within_state,full,85,86.25,86.25,0,High,High,High,TRUE,82.5,85,85,0,87.5,87.5,87.5,0,80,80,80,0,7.899999999999999,80,90,80,10,4.1,80,80,90,10,12.399999999999999,90,90,90,0,3.0999999999999996,80,80,80,0,8.299999999999997,100,100,100,0,8.700000000000003,90,90,90,0,2.9000000000000004,80,80,80,0,13.799999999999997
13017,Georgia,GA,Ben Hill,within_state,full,25,23.75,25,1.25,Low,Low,Low,TRUE,10,10,10,0,40,37.5,40,2.5,10,10,10,0,9.700000000000003,10,10,10,0,5.300000000000001,10,10,10,0,14.100000000000001,10,10,10,0,5.200000000000003,30,30,30,0,9,70,60,60,0,9.299999999999997,20,20,20,0,3.700000000000001,40,40,50,10,15.5
13019,Georgia,GA,Berrien,within_state,full,53.75,56.25,56.25,0,Moderate,Moderate,Moderate,TRUE,52.5,52.5,52.5,0,55,60,60,0,50,50,50,0,9.000000000000004,30,30,30,0,5.099999999999998,90,90,90,0,13.399999999999999,40,40,40,0,4.600000000000001,50,60,60,0,8.600000000000001,30,50,50,0,9.299999999999997,60,60,60,0,3.4000000000000004,80,70,70,0,15.200000000000003
13021,Georgia,GA,Bibb,within_state,full,36.25,32.5,38.75,6.25,Low,Low,Low,TRUE,30,27.5,35,7.5,42.5,37.5,42.5,5,30,30,40,10,8.399999999999999,60,60,60,0,4.399999999999999,20,10,30,20,11.699999999999996,10,10,10,0,4.800000000000001,40,40,40,0,8.100000000000001,90,80,90,10,8.199999999999996,30,20,30,10,3.5000000000000018,10,10,10,0,12.899999999999999
13023,Georgia,GA,Bleckley,within_state,full,66.25,66.25,67.5,1.25,Moderate,Moderate,Moderate,TRUE,70,70,70,0,62.5,62.5,65,2.5,80,80,80,0,8.8,80,80,80,0,4.299999999999999,50,50,50,0,14,70,70,70,0,3.6000000000000014,60,60,60,0,8.899999999999999,70,70,70,0,9.200000000000003,80,80,80,0,3.1999999999999993,40,40,50,10,15.799999999999997
13025,Georgia,GA,Brantley,within_state,full,55,58.75,55,3.75,Moderate,Moderate,Moderate,TRUE,52.5,55,50,5,57.5,62.5,60,2.5,40,50,40,10,9.3,30,30,30,0,5,80,90,80,10,14.399999999999999,60,50,50,0,4.300000000000001,70,70,70,0,8.5,10,20,20,0,9.3,80,80,80,0,3.0999999999999996,70,80,70,10,16.4
13027,Georgia,GA,Brooks,within_state,full,31.25,31.25,35,3.75,Low,Low,Low,TRUE,27.5,27.5,32.5,5,35,35,37.5,2.5,20,20,20,0,9.199999999999996,20,20,30,10,4.800000000000001,20,20,30,10,13.200000000000003,50,50,50,0,4.199999999999999,30,30,30,0,9.099999999999994,50,60,50,10,9.499999999999996,20,20,20,0,3.700000000000001,40,30,50,20,14.600000000000001
13029,Georgia,GA,Bryan,within_state,full,95,93.75,95,1.25,High,High,High,TRUE,100,100,100,0,90,87.5,90,2.5,100,100,100,0,7.400000000000002,100,100,100,0,3.5,100,100,100,0,12.999999999999996,100,100,100,0,2.700000000000001,100,100,90,10,7.899999999999999,80,70,80,10,9,100,100,100,0,2.6999999999999993,80,80,90,10,14.8
13031,Georgia,GA,Bulloch,within_state,full,68.75,62.5,73.75,11.25,Moderate,Moderate,Moderate,TRUE,75,72.5,77.5,5,62.5,52.5,70,17.5,90,90,90,0,7.799999999999997,80,80,80,0,4.100000000000001,70,60,80,20,11.700000000000003,60,60,60,0,4,70,60,70,10,7.5,50,30,70,40,8.200000000000003,60,60,60,0,3.200000000000001,70,60,80,20,12.899999999999999
13033,Georgia,GA,Burke,within_state,full,42.5,42.5,41.25,1.25,Low,Low,Low,TRUE,40,40,40,0,45,45,42.5,2.5,50,50,50,0,9.2,50,50,50,0,4.699999999999999,30,30,30,0,14,30,30,30,0,4.600000000000001,30,30,30,0,8.299999999999997,90,90,80,10,9.099999999999998,40,40,40,0,3.6000000000000014,20,20,20,0,16.099999999999994
13035,Georgia,GA,Butts,within_state,full,56.25,57.5,57.5,0,Moderate,Moderate,Moderate,TRUE,57.5,57.5,55,2.5,55,57.5,60,2.5,60,60,60,0,9.199999999999996,50,50,50,0,4.800000000000001,60,60,50,10,14.600000000000001,60,60,60,0,4,50,50,60,10,8.599999999999994,40,50,60,10,9.200000000000003,70,60,60,0,3.200000000000001,60,70,60,10,16.5
13037,Georgia,GA,Calhoun,within_state,full,13.75,15,13.75,1.25,Low,Low,Low,TRUE,10,12.5,10,2.5,17.5,17.5,17.5,0,10,10,10,0,10.399999999999999,10,10,10,0,5.699999999999999,10,20,10,10,15,10,10,10,0,5.299999999999997,10,10,10,0,9,40,40,40,0,9.299999999999997,10,10,10,0,4.199999999999999,10,10,10,0,17.200000000000003
13039,Georgia,GA,Camden,within_state,full,75,72.5,77.5,5,Moderate,Moderate,Moderate,TRUE,72.5,70,75,5,77.5,75,80,5,80,70,80,10,8.5,60,60,60,0,4.4,70,70,80,10,12.899999999999999,80,80,80,0,3.599999999999998,70,70,80,10,8.300000000000004,90,90,90,0,8.800000000000004,70,70,70,0,3.0999999999999996,80,70,80,10,14.099999999999998
13043,Georgia,GA,Candler,within_state,full,31.25,32.5,30,2.5,Low,Low,Low,TRUE,30,30,27.5,2.5,32.5,35,32.5,2.5,20,20,20,0,9.8,20,20,20,0,5.099999999999998,60,60,50,10,14.200000000000003,20,20,20,0,5.100000000000001,40,40,40,0,8.400000000000006,30,50,40,10,9.600000000000001,40,30,30,0,3.5,20,20,20,0,16.5
13045,Georgia,GA,Carroll,within_state,full,82.5,78.75,83.75,5,High,Moderate,High,FALSE,87.5,85,87.5,2.5,77.5,72.5,80,7.5,90,80,90,10,8.099999999999998,90,90,90,0,4.000000000000002,100,100,100,0,12.200000000000003,70,70,70,0,3.599999999999998,80,80,80,0,8.300000000000004,60,50,70,20,8.8,80,80,80,0,3.0999999999999996,90,80,90,10,13.699999999999996
13047,Georgia,GA,Catoosa,within_state,full,88.75,87.5,91.25,3.75,High,High,High,TRUE,92.5,92.5,92.5,0,85,82.5,90,7.5,90,90,90,0,7.599999999999998,90,90,90,0,3.799999999999999,90,90,90,0,13.099999999999998,100,100,100,0,3.0999999999999996,90,90,90,0,7.599999999999998,60,50,80,30,8.7,100,100,100,0,2.5999999999999996,90,90,90,0,14.399999999999999
13049,Georgia,GA,Charlton,within_state,full,32.5,33.75,28.75,5,Low,Low,Low,TRUE,30,32.5,27.5,5,35,35,30,5,30,40,30,10,9.600000000000001,20,20,20,0,5.100000000000001,30,30,20,10,14.300000000000004,40,40,40,0,4.399999999999999,20,20,20,0,9,50,50,30,20,9.700000000000003,30,30,30,0,3.5999999999999996,40,40,40,0,16.300000000000004
13051,Georgia,GA,Chatham,within_state,full,72.5,66.25,80,13.75,Moderate,Moderate,High,FALSE,75,67.5,77.5,10,70,65,82.5,17.5,100,90,100,10,6.199999999999999,100,100,100,0,3.4000000000000004,30,10,40,30,9.800000000000004,70,70,70,0,3.599999999999998,80,80,80,0,7.199999999999999,40,30,80,50,8,70,70,70,0,2.799999999999999,90,80,100,20,10.299999999999997
13053,Georgia,GA,Chattahoochee,within_state,full,45,48.75,41.25,7.5,Low,Low,Low,TRUE,50,50,47.5,2.5,40,47.5,35,12.5,50,50,50,0,9.400000000000002,60,60,60,0,4.599999999999998,40,40,30,10,14.799999999999997,50,50,50,0,4.400000000000002,50,50,50,0,9.199999999999996,50,70,30,40,10.300000000000004,30,30,30,0,3.5999999999999996,30,40,30,10,16.700000000000003
13055,Georgia,GA,Chattooga,within_state,full,51.25,53.75,50,3.75,Moderate,Moderate,Moderate,TRUE,47.5,50,45,5,55,57.5,55,2.5,30,30,30,0,9.7,30,30,20,10,5.099999999999998,70,80,70,10,14.400000000000002,60,60,60,0,4,60,60,60,0,8.600000000000001,30,30,30,0,9.499999999999996,60,70,60,10,3.4000000000000004,70,70,70,0,16.400000000000002
13057,Georgia,GA,Cherokee,within_state,full,90,82.5,96.25,13.75,High,High,High,TRUE,97.5,95,100,5,82.5,70,92.5,22.5,100,100,100,0,6.300000000000001,100,100,100,0,3.4000000000000004,90,80,100,20,10,100,100,100,0,2.5,90,90,100,10,6.800000000000001,40,10,70,60,8.000000000000004,100,100,100,0,2.5999999999999996,100,80,100,20,10.600000000000001
13059,Georgia,GA,Clarke,within_state,full,68.75,66.25,73.75,7.5,Moderate,Moderate,Moderate,TRUE,85,82.5,85,2.5,52.5,50,62.5,12.5,80,80,80,0,7.700000000000003,90,90,90,0,3.8000000000000007,100,90,100,10,11.300000000000004,70,70,70,0,3.900000000000002,60,60,70,10,7.600000000000001,20,10,40,30,8.5,50,50,50,0,3.3000000000000007,80,80,90,10,12.600000000000001
13061,Georgia,GA,Clay,within_state,full,38.75,40,33.75,6.25,Low,Low,Low,TRUE,42.5,45,37.5,7.5,35,35,30,5,60,60,50,10,9.500000000000004,80,80,80,0,4.199999999999999,20,30,10,20,15.899999999999999,10,10,10,0,5.099999999999998,10,10,10,0,9.200000000000003,80,80,70,10,9.500000000000004,30,30,30,0,3.8000000000000007,20,20,10,10,17.9
13063,Georgia,GA,Clayton,within_state,full,28.75,22.5,35,12.5,Low,Low,Low,TRUE,25,25,27.5,2.5,32.5,20,42.5,22.5,20,10,20,10,8.500000000000004,60,70,60,10,4.9,10,10,20,10,10.5,10,10,10,0,5.300000000000001,30,20,40,20,7,80,30,90,60,7.300000000000001,10,20,10,10,3.8999999999999986,10,10,30,20,11.200000000000003
13065,Georgia,GA,Clinch,within_state,full,16.25,17.5,15,2.5,Low,Low,Low,TRUE,17.5,17.5,15,2.5,15,17.5,15,2.5,10,10,10,0,10.099999999999998,10,10,10,0,5.200000000000003,40,40,30,10,14.5,10,10,10,0,5.399999999999999,20,20,20,0,9.300000000000004,10,10,10,0,9.800000000000004,20,20,20,0,3.5999999999999996,10,20,10,10,16.799999999999997
13067,Georgia,GA,Cobb,within_state,full,98.75,96.25,100,3.75,High,High,High,TRUE,97.5,92.5,100,7.5,100,100,100,0,100,100,100,0,4.799999999999999,100,100,100,0,2.6999999999999993,90,70,100,30,8.299999999999997,100,100,100,0,2.6999999999999993,100,100,100,0,6.299999999999997,100,100,100,0,6.800000000000004,100,100,100,0,2.4000000000000004,100,100,100,0,8.3
13069,Georgia,GA,Coffee,within_state,full,36.25,38.75,38.75,0,Low,Low,Low,TRUE,45,45,45,0,27.5,32.5,32.5,0,20,20,20,0,9.5,30,30,30,0,5,90,90,90,0,13.100000000000001,40,40,40,0,4.5,20,30,30,0,8.799999999999997,10,20,20,0,9.600000000000001,30,30,30,0,3.5999999999999996,50,50,50,0,15.100000000000001
13071,Georgia,GA,Colquitt,within_state,full,43.75,42.5,45,2.5,Low,Low,Low,TRUE,30,27.5,30,2.5,57.5,57.5,60,2.5,10,10,10,0,9.7,20,20,20,0,5.100000000000001,60,50,60,10,13,30,30,30,0,4.600000000000001,50,50,50,0,8.300000000000004,90,90,90,0,8.899999999999999,30,30,30,0,3.5,60,60,70,10,14.5
13073,Georgia,GA,Columbia,within_state,full,91.25,86.25,93.75,7.5,High,High,High,TRUE,90,90,92.5,2.5,92.5,82.5,95,12.5,90,90,90,0,6.700000000000003,90,90,90,0,3.6000000000000014,90,90,100,10,10.299999999999997,90,90,90,0,3.0999999999999996,100,100,100,0,7.300000000000001,90,60,90,30,7.899999999999999,90,90,90,0,2.8000000000000007,90,80,100,20,11
13075,Georgia,GA,Cook,within_state,full,43.75,42.5,42.5,0,Low,Low,Low,TRUE,42.5,42.5,40,2.5,45,42.5,45,2.5,30,30,30,0,9.400000000000002,40,40,40,0,4.800000000000001,50,50,40,10,13.700000000000003,50,50,50,0,4,60,50,60,10,8.799999999999997,20,20,20,0,9.5,40,40,40,0,3.5,60,60,60,0,15.099999999999994
13077,Georgia,GA,Coweta,within_state,full,86.25,83.75,88.75,5,High,High,High,TRUE,97.5,95,97.5,2.5,75,72.5,80,7.5,100,100,100,0,6.900000000000002,100,100,100,0,3.4000000000000004,90,80,90,10,11.500000000000004,100,100,100,0,2.5999999999999996,100,100,100,0,7.5000000000000036,80,80,80,0,8.7,100,100,100,0,2.5999999999999996,20,10,40,30,13.200000000000003
13079,Georgia,GA,Crawford,within_state,full,56.25,58.75,50,8.75,Moderate,Moderate,Moderate,TRUE,62.5,65,57.5,7.5,50,52.5,42.5,10,60,70,60,10,9.7,40,40,40,0,5,80,80,60,20,15.2,70,70,70,0,3.700000000000001,70,70,60,10,8.799999999999997,10,10,10,0,9.600000000000001,60,70,60,10,3.5,60,60,40,20,17.6
13081,Georgia,GA,Crisp,within_state,full,37.5,41.25,38.75,2.5,Low,Low,Low,TRUE,40,42.5,42.5,0,35,40,35,5,40,50,40,10,9.3,50,50,50,0,4.799999999999997,40,40,40,0,14.200000000000003,30,30,40,10,4.5,20,30,20,10,9.200000000000003,60,70,60,10,9.399999999999999,40,40,40,0,3.5,20,20,20,0,16.199999999999996
13083,Georgia,GA,Dade,within_state,full,85,85,86.25,1.25,High,High,High,TRUE,87.5,87.5,87.5,0,82.5,82.5,85,2.5,90,90,90,0,7.299999999999997,80,80,80,0,3.8000000000000007,90,90,90,0,12.7,90,90,90,0,3.4999999999999982,90,90,90,0,8.100000000000001,50,50,60,10,9.200000000000003,100,100,100,0,2.5,90,90,90,0,14.299999999999997
13085,Georgia,GA,Dawson,within_state,full,97.5,98.75,97.5,1.25,High,High,High,TRUE,100,100,100,0,95,97.5,95,2.5,100,100,100,0,6.699999999999999,100,100,100,0,3.1000000000000014,100,100,100,0,12.199999999999996,100,100,100,0,2.200000000000001,100,100,100,0,8.2,80,90,80,10,9.299999999999997,100,100,100,0,2.500000000000001,100,100,100,0,14.500000000000004
13087,Georgia,GA,Decatur,within_state,full,50,50,47.5,2.5,Moderate,Moderate,Low,FALSE,40,40,40,0,60,60,55,5,40,40,40,0,9.200000000000003,60,60,60,0,4.5,30,30,30,0,14.100000000000001,30,30,30,0,4.800000000000001,50,50,50,0,8.199999999999996,90,90,80,10,8.899999999999999,30,30,30,0,3.6000000000000014,70,70,60,10,15.600000000000001
13089,Georgia,GA,DeKalb,within_state,full,85,72.5,87.5,15,High,Moderate,High,FALSE,90,82.5,90,7.5,80,62.5,85,22.5,100,100,100,0,6,100,100,100,0,3.4000000000000004,90,60,90,30,9,70,70,70,0,3.1999999999999993,80,70,80,10,6.399999999999999,70,20,90,70,7.100000000000001,70,70,70,0,3,100,90,100,10,9.299999999999997
13091,Georgia,GA,Dodge,within_state,full,46.25,43.75,47.5,3.75,Low,Low,Low,TRUE,55,52.5,55,2.5,37.5,35,40,5,60,60,60,0,8.600000000000001,70,70,70,0,4.299999999999999,60,50,60,10,13.100000000000001,30,30,30,0,4.800000000000001,50,50,50,0,8.300000000000004,20,10,30,20,9.099999999999998,60,60,60,0,3.3000000000000007,20,20,20,0,14.799999999999997
13093,Georgia,GA,Dooly,within_state,full,33.75,32.5,32.5,0,Low,Low,Low,TRUE,32.5,32.5,32.5,0,35,32.5,32.5,0,40,40,40,0,9.400000000000002,50,50,50,0,4.800000000000001,20,20,20,0,14.299999999999997,20,20,20,0,4.699999999999999,20,20,20,0,9.100000000000001,70,60,60,0,9.299999999999997,30,30,30,0,3.700000000000001,20,20,20,0,16.1
13095,Georgia,GA,Dougherty,within_state,full,31.25,27.5,32.5,5,Low,Low,Low,TRUE,27.5,25,27.5,2.5,35,30,37.5,7.5,40,30,40,10,7.899999999999999,50,50,50,0,4.300000000000001,10,10,10,0,11.600000000000001,10,10,10,0,5.0000000000000036,10,10,10,0,8.399999999999999,100,90,100,10,8.199999999999996,10,10,10,0,3.5,20,10,30,20,12.799999999999997
13097,Georgia,GA,Douglas,within_state,full,60,58.75,61.25,2.5,Moderate,Moderate,Moderate,TRUE,62.5,60,62.5,2.5,57.5,57.5,60,2.5,80,80,80,0,8.3,90,90,90,0,3.8000000000000007,30,20,30,10,13,50,50,50,0,3.8999999999999986,70,70,70,0,8.399999999999999,80,80,80,0,8.8,50,50,50,0,3.3000000000000007,30,30,40,10,14.300000000000004
13099,Georgia,GA,Early,within_state,full,26.25,30,27.5,2.5,Low,Low,Low,TRUE,22.5,25,25,0,30,35,30,5,20,20,30,10,9.5,30,30,30,0,5,10,20,10,10,14.700000000000003,30,30,30,0,4.699999999999999,20,20,20,0,9.299999999999997,60,70,60,10,9.700000000000003,30,30,30,0,3.5999999999999996,10,20,10,10,16.700000000000003
13101,Georgia,GA,Echols,within_state,full,61.25,65,61.25,3.75,Moderate,Moderate,Moderate,TRUE,62.5,67.5,62.5,5,60,62.5,60,2.5,60,60,60,0,9.200000000000003,70,70,70,0,4.500000000000002,70,80,70,10,14.5,50,60,50,10,4.300000000000001,70,70,70,0,9.100000000000001,60,60,50,10,9.700000000000003,60,60,70,10,3.1999999999999993,50,60,50,10,16.799999999999997
13103,Georgia,GA,Effingham,within_state,full,90,88.75,90,1.25,High,High,High,TRUE,85,85,85,0,95,92.5,95,2.5,90,100,90,10,7.599999999999998,90,90,90,0,3.8999999999999986,80,70,80,10,12.500000000000004,80,80,80,0,3.5,100,100,100,0,8,100,100,100,0,8.600000000000001,100,100,100,0,2.6999999999999993,80,70,80,10,13.8
13105,Georgia,GA,Elbert,within_state,full,46.25,46.25,45,1.25,Low,Low,Low,TRUE,42.5,40,45,5,50,52.5,45,7.5,40,40,40,0,9.3,40,30,40,10,4.800000000000001,40,40,40,0,14.300000000000004,50,50,60,10,4,40,40,40,0,9,60,70,50,20,9.800000000000004,60,60,60,0,3.3000000000000007,40,40,30,10,16.099999999999994
13107,Georgia,GA,Emanuel,within_state,full,32.5,33.75,32.5,1.25,Low,Low,Low,TRUE,27.5,30,27.5,2.5,37.5,37.5,37.5,0,20,30,20,10,9.8,20,20,20,0,5.300000000000001,40,40,40,0,13.899999999999999,30,30,30,0,4.800000000000001,30,30,30,0,9.5,40,50,40,10,9.7,40,40,40,0,3.6000000000000014,40,30,40,10,15.600000000000001
13109,Georgia,GA,Evans,within_state,full,23.75,27.5,18.75,8.75,Low,Low,Low,TRUE,17.5,20,17.5,2.5,30,35,20,15,10,10,10,0,10.099999999999998,10,10,10,0,5.199999999999999,30,40,30,10,14.699999999999996,20,20,20,0,5.100000000000001,30,30,20,10,9.300000000000004,40,60,30,30,10.199999999999996,30,30,20,10,3.9000000000000004,20,20,10,10,16.800000000000004
13111,Georgia,GA,Fannin,within_state,full,78.75,78.75,76.25,2.5,Moderate,Moderate,Moderate,TRUE,70,70,67.5,2.5,87.5,87.5,85,2.5,70,70,70,0,8.900000000000002,40,40,40,0,4.899999999999999,80,80,70,10,14,90,90,90,0,3.3000000000000007,100,100,100,0,8.000000000000004,90,80,80,0,8.899999999999999,90,90,90,0,3,70,80,70,10,15.900000000000002
13113,Georgia,GA,Fayette,within_state,full,95,93.75,95,1.25,High,High,High,TRUE,100,100,100,0,90,87.5,90,2.5,100,100,100,0,6.799999999999997,100,100,100,0,3.1000000000000014,100,100,100,0,11.899999999999999,100,100,100,0,2.4000000000000004,100,100,100,0,8.200000000000003,60,50,60,10,9.2,100,100,100,0,2.799999999999999,100,100,100,0,12.400000000000002
13115,Georgia,GA,Floyd,within_state,full,63.75,61.25,66.25,5,Moderate,Moderate,Moderate,TRUE,70,67.5,72.5,5,57.5,55,60,5,60,50,60,10,8.599999999999998,50,50,60,10,4.599999999999998,100,100,100,0,12.2,70,70,70,0,3.8999999999999986,70,70,70,0,8.699999999999996,40,30,40,10,9.099999999999998,60,60,60,0,3.3000000000000007,60,60,70,10,14.100000000000001
13117,Georgia,GA,Forsyth,within_state,full,98.75,97.5,98.75,1.25,High,High,High,TRUE,100,100,100,0,97.5,95,97.5,2.5,100,100,100,0,6.299999999999999,100,100,100,0,2.700000000000001,100,100,100,0,10.7,100,100,100,0,1.8999999999999995,100,100,100,0,6.600000000000001,90,80,90,10,8.3,100,100,100,0,2.3999999999999995,100,100,100,0,11.5
13119,Georgia,GA,Franklin,within_state,full,68.75,70,68.75,1.25,Moderate,Moderate,Moderate,TRUE,62.5,62.5,62.5,0,75,77.5,75,2.5,60,60,60,0,8.899999999999999,50,50,50,0,4.599999999999998,80,80,80,0,13.899999999999999,60,60,60,0,4,80,80,80,0,8.5,50,60,60,0,9.400000000000002,80,80,80,0,3,90,90,80,10,15.400000000000002
13121,Georgia,GA,Fulton,within_state,full,91.25,86.25,95,8.75,High,High,High,TRUE,87.5,77.5,95,17.5,95,95,95,0,100,100,100,0,5.300000000000001,100,100,100,0,2.6999999999999993,50,20,80,60,8.200000000000003,100,90,100,10,2.6999999999999993,90,90,90,0,6.399999999999999,100,100,100,0,6.600000000000001,90,90,90,0,2.4000000000000004,100,100,100,0,8.099999999999998
13123,Georgia,GA,Gilmer,within_state,full,85,85,86.25,1.25,High,High,High,TRUE,92.5,92.5,92.5,0,77.5,77.5,80,2.5,90,90,90,0,7.899999999999999,90,90,90,0,3.9999999999999982,100,100,100,0,12.600000000000001,90,90,90,0,3.200000000000001,100,100,100,0,7.900000000000002,30,30,40,10,9.3,90,90,90,0,2.8000000000000007,90,90,90,0,14.500000000000004
13125,Georgia,GA,Glascock,within_state,full,75,81.25,75,6.25,Moderate,High,Moderate,FALSE,75,77.5,75,2.5,75,85,75,10,80,80,80,0,8.8,70,70,70,0,4.6,80,90,80,10,14.799999999999997,70,70,70,0,4,80,80,80,0,8.900000000000002,60,80,60,20,9.599999999999998,80,80,80,0,3.0999999999999996,80,100,80,20,16.700000000000003
13127,Georgia,GA,Glynn,within_state,full,81.25,78.75,85,6.25,High,Moderate,High,FALSE,80,77.5,82.5,5,82.5,80,87.5,7.5,90,90,90,0,7.599999999999998,100,100,100,0,3.6000000000000014,50,40,60,20,12,80,80,80,0,3.6000000000000014,60,60,70,10,8,100,100,100,0,8.5,80,80,80,0,3,90,80,100,20,12.7
13129,Georgia,GA,Gordon,within_state,full,61.25,61.25,58.75,2.5,Moderate,Moderate,Moderate,TRUE,55,55,52.5,2.5,67.5,67.5,65,2.5,50,50,50,0,9,40,40,30,10,4.900000000000002,70,70,70,0,13.5,60,60,60,0,4.199999999999999,70,70,70,0,8.700000000000003,80,70,70,0,9.499999999999996,60,60,60,0,3.200000000000001,60,70,60,10,15.200000000000003
13131,Georgia,GA,Grady,within_state,full,45,45,43.75,1.25,Low,Low,Low,TRUE,40,40,40,0,50,50,47.5,2.5,20,20,20,0,9.799999999999997,40,40,40,0,4.800000000000001,50,50,50,0,14.299999999999997,50,50,50,0,4.100000000000001,50,50,50,0,8.700000000000003,50,50,50,0,9.299999999999997,50,50,50,0,3.5,50,50,40,10,16.299999999999997
13133,Georgia,GA,Greene,within_state,full,77.5,80,76.25,3.75,Moderate,High,Moderate,FALSE,80,85,80,5,75,75,72.5,2.5,80,90,80,10,8.400000000000002,90,90,90,0,3.8000000000000007,70,80,70,10,14.200000000000003,80,80,80,0,3.3999999999999986,70,70,60,10,9.200000000000003,80,80,80,0,9.299999999999997,80,80,80,0,3.0999999999999996,70,70,70,0,15.999999999999996
13135,Georgia,GA,Gwinnett,within_state,full,93.75,86.25,95,8.75,High,High,High,TRUE,95,85,97.5,12.5,92.5,87.5,92.5,5,100,90,100,10,6.199999999999999,100,100,100,0,3,90,60,100,40,8.899999999999999,90,90,90,0,3.3000000000000007,100,100,100,0,6.699999999999999,100,100,100,0,7.099999999999998,70,60,70,10,3,100,90,100,10,9.2
13137,Georgia,GA,Habersham,within_state,full,77.5,77.5,77.5,0,Moderate,Moderate,Moderate,TRUE,70,70,70,0,85,85,85,0,60,60,60,0,8.899999999999999,60,60,60,0,4.300000000000001,90,90,90,0,13.299999999999997,70,70,70,0,3.5999999999999996,100,100,100,0,8.200000000000003,70,70,70,0,9.3,80,80,80,0,3.1000000000000014,90,90,90,0,14.899999999999999
13139,Georgia,GA,Hall,within_state,full,71.25,66.25,76.25,10,Moderate,Moderate,Moderate,TRUE,67.5,65,70,5,75,67.5,82.5,15,70,60,70,10,8,70,70,70,0,4.1,40,40,50,10,11.899999999999999,90,90,90,0,3.1000000000000014,100,100,100,0,7.400000000000002,30,10,60,50,8.3,70,70,70,0,3,100,90,100,10,12.399999999999999
13141,Georgia,GA,Hancock,within_state,full,16.25,16.25,15,1.25,Low,Low,Low,TRUE,10,10,10,0,22.5,22.5,20,2.5,10,10,10,0,10.2,10,10,10,0,5.5,10,10,10,0,15.300000000000004,10,10,10,0,5.799999999999997,10,10,10,0,9.600000000000001,60,60,50,10,9.799999999999997,10,10,10,0,4.299999999999999,10,10,10,0,17.300000000000004
13143,Georgia,GA,Haralson,within_state,full,80,80,78.75,1.25,High,High,Moderate,FALSE,75,75,75,0,85,85,82.5,2.5,70,70,70,0,8.7,50,50,50,0,4.600000000000001,80,80,80,0,13.3,100,100,100,0,3.0999999999999996,90,90,90,0,8.099999999999998,60,60,50,10,9.400000000000002,90,90,90,0,2.8000000000000007,100,100,100,0,14.200000000000003
13145,Georgia,GA,Harris,within_state,full,90,90,91.25,1.25,High,High,High,TRUE,87.5,87.5,90,2.5,92.5,92.5,92.5,0,100,100,100,0,7.699999999999999,90,90,90,0,4,60,60,70,10,13.100000000000001,100,100,100,0,2.5999999999999996,90,90,90,0,7.600000000000001,90,90,90,0,8.7,90,90,90,0,2.8999999999999986,100,100,100,0,13.5
13147,Georgia,GA,Hart,within_state,full,78.75,80,75,5,Moderate,High,Moderate,FALSE,85,85,82.5,2.5,72.5,75,67.5,7.5,80,80,80,0,8.5,80,80,80,0,4.300000000000001,100,100,90,10,13.899999999999999,80,80,80,0,3.799999999999999,60,60,60,0,8.900000000000006,60,60,40,20,9.799999999999997,80,80,80,0,3,90,100,90,10,15.8
13149,Georgia,GA,Heard,within_state,full,63.75,66.25,60,6.25,Moderate,Moderate,Moderate,TRUE,65,67.5,60,7.5,62.5,65,60,5,70,70,60,10,9.200000000000003,40,40,40,0,4.800000000000001,80,90,70,20,14.600000000000001,70,70,70,0,3.799999999999999,80,80,80,0,8.8,30,40,30,10,9.700000000000003,80,80,80,0,3.0999999999999996,60,60,50,10,17
13151,Georgia,GA,Henry,within_state,full,77.5,72.5,80,7.5,Moderate,Moderate,High,FALSE,80,77.5,82.5,5,75,67.5,77.5,10,90,90,90,0,7.300000000000001,100,100,100,0,3.5,50,40,60,20,11.399999999999999,80,80,80,0,3.3999999999999986,60,50,60,10,8.100000000000001,100,90,100,10,8.400000000000002,70,70,70,0,3.1999999999999993,70,60,80,20,12.399999999999999
13153,Georgia,GA,Houston,within_state,full,65,61.25,70,8.75,Moderate,Moderate,Moderate,TRUE,65,65,70,5,65,57.5,70,12.5,80,80,80,0,7.399999999999999,90,90,100,10,3.4000000000000004,10,10,20,10,11.399999999999999,80,80,80,0,3.4000000000000004,80,80,80,0,7.799999999999997,20,10,30,20,8.600000000000001,90,90,90,0,2.9000000000000004,70,50,80,30,12.199999999999996
13155,Georgia,GA,Irwin,within_state,full,48.75,51.25,47.5,3.75,Low,Moderate,Low,FALSE,52.5,55,52.5,2.5,45,47.5,42.5,5,50,50,50,0,9.200000000000003,40,40,40,0,4.899999999999999,60,70,60,10,14.399999999999999,60,60,60,0,3.8999999999999986,50,50,40,10,9,20,20,20,0,9.700000000000003,50,50,50,0,3.5,60,70,60,10,16.200000000000003
13157,Georgia,GA,Jackson,within_state,full,80,78.75,83.75,5,High,Moderate,High,FALSE,77.5,77.5,82.5,5,82.5,80,85,5,80,80,80,0,8.200000000000003,70,70,80,10,4.100000000000001,70,70,80,10,12.8,90,90,90,0,3.0999999999999996,90,90,90,0,8.199999999999996,100,100,100,0,9,90,90,90,0,2.8000000000000007,50,40,60,20,14.299999999999997
13159,Georgia,GA,Jasper,within_state,full,66.25,72.5,61.25,11.25,Moderate,Moderate,Moderate,TRUE,70,77.5,67.5,10,62.5,67.5,55,12.5,60,70,60,10,10.099999999999998,50,60,50,10,5.100000000000001,80,90,70,20,15.600000000000001,90,90,90,0,3.299999999999999,80,80,70,10,8.8,30,30,20,10,9.8,70,80,70,10,3.5999999999999996,70,80,60,20,18
13161,Georgia,GA,Jeff Davis,within_state,full,40,40,40,0,Low,Low,Low,TRUE,37.5,37.5,37.5,0,42.5,42.5,42.5,0,20,20,20,0,9.799999999999997,10,10,10,0,5.399999999999999,80,80,80,0,14.199999999999996,40,40,40,0,4.5,60,60,60,0,8.600000000000001,30,30,30,0,9.5,30,30,30,0,3.5,50,50,50,0,16.6
13163,Georgia,GA,Jefferson,within_state,full,21.25,21.25,21.25,0,Low,Low,Low,TRUE,12.5,12.5,12.5,0,30,30,30,0,10,10,10,0,10.399999999999999,10,10,10,0,5.699999999999999,10,10,10,0,15.100000000000001,20,20,20,0,4.900000000000002,20,20,20,0,9.099999999999994,70,70,70,0,9.399999999999999,10,10,10,0,4.199999999999999,20,20,20,0,17
13165,Georgia,GA,Jenkins,within_state,full,17.5,16.25,16.25,0,Low,Low,Low,TRUE,12.5,12.5,10,2.5,22.5,20,22.5,2.5,10,10,10,0,10.299999999999997,10,10,10,0,5.600000000000001,20,20,10,10,14.799999999999997,10,10,10,0,4.800000000000001,10,10,10,0,8.100000000000001,50,40,50,10,9.100000000000001,10,10,10,0,3.9999999999999982,20,20,20,0,16.699999999999996
13167,Georgia,GA,Johnson,within_state,full,26.25,28.75,25,3.75,Low,Low,Low,TRUE,27.5,27.5,25,2.5,25,30,25,5,20,20,20,0,9.800000000000004,10,10,10,0,5.400000000000002,60,60,50,10,14.099999999999994,20,20,20,0,4.800000000000001,20,20,20,0,9,30,40,30,10,9.600000000000001,20,20,20,0,3.6999999999999993,30,40,30,10,16.1
13169,Georgia,GA,Jones,within_state,full,73.75,73.75,73.75,0,Moderate,Moderate,Moderate,TRUE,72.5,72.5,72.5,0,75,75,75,0,70,70,70,0,8.699999999999996,70,70,70,0,4.5,80,80,80,0,13.300000000000004,70,70,70,0,3.5999999999999996,70,70,70,0,8.699999999999996,100,100,100,0,8.899999999999999,70,70,70,0,3.200000000000001,60,60,60,0,15.100000000000001
13171,Georgia,GA,Lamar,within_state,full,66.25,70,66.25,3.75,Moderate,Moderate,Moderate,TRUE,65,67.5,65,2.5,67.5,72.5,67.5,5,70,70,70,0,8.699999999999996,60,60,60,0,4.399999999999999,50,60,50,10,14,80,80,80,0,3.5999999999999996,70,80,70,10,8.600000000000001,80,90,80,10,9.599999999999998,70,70,70,0,3.0999999999999996,50,50,50,0,16
13173,Georgia,GA,Lanier,within_state,full,31.25,31.25,28.75,2.5,Low,Low,Low,TRUE,30,30,27.5,2.5,32.5,32.5,30,2.5,20,20,20,0,9.399999999999999,20,20,20,0,5,60,60,50,10,14.5,20,20,20,0,5,30,30,30,0,9.100000000000001,20,20,20,0,9.700000000000003,20,20,20,0,3.6999999999999993,60,60,50,10,16.5
13175,Georgia,GA,Laurens,within_state,full,41.25,32.5,50,17.5,Low,Low,Moderate,FALSE,37.5,35,45,10,45,30,55,25,40,40,50,10,8.300000000000004,40,40,40,0,4.900000000000002,30,20,50,30,11.199999999999996,40,40,40,0,4.400000000000002,30,20,30,10,7.799999999999997,50,20,80,60,7.899999999999999,50,50,50,0,3.5,50,30,60,30,12.200000000000003
13177,Georgia,GA,Lee,within_state,full,88.75,91.25,90,1.25,High,High,High,TRUE,90,92.5,92.5,0,87.5,90,87.5,2.5,90,90,90,0,7.899999999999999,90,90,90,0,4,90,90,90,0,12.8,90,100,100,0,3.1000000000000014,80,80,80,0,8.5,90,100,90,10,9.100000000000001,90,90,90,0,3,90,90,90,0,14.600000000000001
13179,Georgia,GA,Liberty,within_state,full,55,53.75,53.75,0,Moderate,Moderate,Moderate,TRUE,65,62.5,62.5,0,45,45,45,0,70,60,60,0,8.899999999999999,70,70,70,0,4.4,60,60,60,0,13.5,60,60,60,0,4.199999999999999,40,40,40,0,8.5,100,100,100,0,8.899999999999999,30,30,30,0,3.700000000000001,10,10,10,0,15.299999999999997
13181,Georgia,GA,Lincoln,within_state,full,67.5,71.25,62.5,8.75,Moderate,Moderate,Moderate,TRUE,70,72.5,67.5,5,65,70,57.5,12.5,80,80,80,0,8.700000000000003,80,80,70,10,4.399999999999999,60,70,60,10,14.7,60,60,60,0,4.100000000000001,50,60,50,10,9,60,60,40,20,9.899999999999999,70,70,70,0,3.200000000000001,80,90,70,20,16.400000000000002
13183,Georgia,GA,Long,within_state,full,56.25,57.5,55,2.5,Moderate,Moderate,Moderate,TRUE,55,55,55,0,57.5,60,55,5,60,60,60,0,8.800000000000004,60,60,60,0,4.5,40,40,40,0,14,60,60,60,0,4.099999999999998,50,50,50,0,9.100000000000001,70,80,60,20,9.799999999999997,60,60,60,0,3.1999999999999993,50,50,50,0,15.899999999999999
13185,Georgia,GA,Lowndes,within_state,full,57.5,50,65,15,Moderate,Moderate,Moderate,TRUE,55,52.5,62.5,10,60,47.5,67.5,20,60,60,70,10,7.699999999999996,60,60,60,0,4.499999999999998,40,30,60,30,10.799999999999997,60,60,60,0,3.6999999999999993,40,40,50,10,7.399999999999999,80,50,90,40,7.700000000000003,50,50,50,0,3.299999999999999,70,50,80,30,11.5
13187,Georgia,GA,Lumpkin,within_state,full,86.25,85,85,0,High,High,High,TRUE,90,90,87.5,2.5,82.5,80,82.5,2.5,90,90,90,0,8.200000000000003,80,80,80,0,4,90,90,80,10,13.799999999999997,100,100,100,0,2.700000000000001,90,90,90,0,8,50,40,60,20,9,90,90,90,0,2.8000000000000007,100,100,90,10,15.3
13189,Georgia,GA,McDuffie,within_state,full,58.75,58.75,58.75,0,Moderate,Moderate,Moderate,TRUE,60,60,60,0,57.5,57.5,57.5,0,60,60,60,0,8.899999999999999,80,80,80,0,4.299999999999999,50,50,50,0,13.5,50,50,50,0,4.899999999999999,60,60,60,0,8.800000000000004,90,100,90,10,9.200000000000003,50,50,50,0,3.4000000000000004,30,20,30,10,15.399999999999999
13191,Georgia,GA,McIntosh,within_state,full,57.5,60,56.25,3.75,Moderate,Moderate,Moderate,TRUE,62.5,62.5,62.5,0,52.5,57.5,50,7.5,70,70,70,0,8.599999999999998,60,60,60,0,4.499999999999998,70,70,70,0,13.899999999999999,50,50,50,0,4.300000000000001,40,50,40,10,9.200000000000003,70,80,60,20,9.799999999999997,50,50,50,0,3.4000000000000004,50,50,50,0,16
13193,Georgia,GA,Macon,within_state,full,11.25,12.5,11.25,1.25,Low,Low,Low,TRUE,10,10,10,0,12.5,15,12.5,2.5,10,10,10,0,10.899999999999999,10,10,10,0,6.100000000000001,10,10,10,0,15.100000000000001,10,10,10,0,5.400000000000006,10,10,10,0,9.199999999999996,20,30,20,10,9.7,10,10,10,0,4.300000000000001,10,10,10,0,17
13195,Georgia,GA,Madison,within_state,full,62.5,62.5,62.5,0,Moderate,Moderate,Moderate,TRUE,60,62.5,60,2.5,65,62.5,65,2.5,60,60,60,0,8.899999999999999,50,50,50,0,4.600000000000001,60,70,60,10,13.899999999999999,70,70,70,0,3.6999999999999993,70,70,70,0,8.399999999999999,50,40,50,10,9.200000000000003,70,70,70,0,3.0999999999999996,70,70,70,0,15.399999999999999
13197,Georgia,GA,Marion,within_state,full,36.25,40,36.25,3.75,Low,Low,Low,TRUE,35,37.5,35,2.5,37.5,42.5,37.5,5,30,40,30,10,9.400000000000002,30,30,30,0,4.899999999999999,50,50,50,0,14.299999999999997,30,30,30,0,4.300000000000001,40,40,40,0,8.600000000000001,10,20,10,10,9.799999999999997,40,40,40,0,3.5,60,70,60,10,16.200000000000003
13199,Georgia,GA,Meriwether,within_state,full,46.25,47.5,45,2.5,Low,Low,Low,TRUE,37.5,37.5,37.5,0,55,57.5,52.5,5,40,40,40,0,9.200000000000003,40,40,40,0,4.800000000000001,30,30,30,0,14.200000000000003,40,40,40,0,4.5,40,40,40,0,9.199999999999996,80,90,70,20,9.700000000000003,40,40,40,0,3.4000000000000004,60,60,60,0,15.800000000000004
13201,Georgia,GA,Miller,within_state,full,42.5,45,38.75,6.25,Low,Low,Low,TRUE,32.5,35,30,5,52.5,55,47.5,7.5,20,20,20,0,10.200000000000003,20,20,20,0,5.300000000000001,50,60,40,20,14.899999999999999,40,40,40,0,4.199999999999999,60,60,60,0,9.199999999999996,60,70,50,20,9.899999999999999,40,40,40,0,3.6999999999999993,50,50,40,10,17
13205,Georgia,GA,Mitchell,within_state,full,18.75,18.75,17.5,1.25,Low,Low,Low,TRUE,17.5,17.5,17.5,0,20,20,17.5,2.5,20,20,20,0,9.8,20,20,20,0,5.099999999999998,10,10,10,0,14.399999999999999,20,20,20,0,4.800000000000001,20,20,10,10,9.299999999999997,40,40,40,0,9.399999999999999,10,10,10,0,3.799999999999999,10,10,10,0,16.299999999999997
13207,Georgia,GA,Monroe,within_state,full,81.25,78.75,80,1.25,High,Moderate,High,FALSE,82.5,80,80,0,80,77.5,80,2.5,80,80,80,0,8.099999999999998,80,80,80,0,4.199999999999999,90,80,80,0,13.299999999999997,80,80,80,0,3.6999999999999993,70,70,70,0,8.700000000000003,80,80,80,0,9.299999999999997,90,80,90,10,3,80,80,80,0,14.799999999999997
13209,Georgia,GA,Montgomery,within_state,full,32.5,32.5,31.25,1.25,Low,Low,Low,TRUE,35,35,32.5,2.5,30,30,30,0,30,30,30,0,9.799999999999997,20,20,20,0,5.200000000000003,50,50,40,10,14.100000000000001,40,40,40,0,4.5,40,40,40,0,9,20,20,20,0,9.600000000000001,30,30,30,0,3.700000000000001,30,30,30,0,16
13211,Georgia,GA,Morgan,within_state,full,93.75,93.75,93.75,0,High,High,High,TRUE,92.5,92.5,92.5,0,95,95,95,0,100,100,100,0,7.300000000000001,100,100,100,0,3.5999999999999996,80,80,80,0,13.799999999999997,90,90,90,0,3,90,90,90,0,8.299999999999997,100,100,100,0,9.2,100,100,100,0,2.6999999999999993,90,90,90,0,15.100000000000001
13213,Georgia,GA,Murray,within_state,full,68.75,68.75,66.25,2.5,Moderate,Moderate,Moderate,TRUE,70,70,67.5,2.5,67.5,67.5,65,2.5,50,50,50,0,9.299999999999997,60,60,50,10,4.699999999999999,90,90,90,0,13.600000000000001,80,80,80,0,3.5,90,90,90,0,8.100000000000001,20,20,20,0,9.399999999999999,80,80,80,0,3.0999999999999996,80,80,70,10,15.300000000000004
13215,Georgia,GA,Muscogee,within_state,full,45,28.75,65,36.25,Low,Low,Moderate,FALSE,40,32.5,62.5,30,50,25,67.5,42.5,40,20,70,50,3.599999999999998,70,60,80,20,2.200000000000001,10,10,60,50,4.700000000000003,40,40,40,0,4.300000000000001,40,30,50,20,7.100000000000001,90,50,100,50,7.400000000000002,20,10,30,20,1.8000000000000007,50,10,90,80,5.100000000000001
13217,Georgia,GA,Newton,within_state,full,57.5,58.75,58.75,0,Moderate,Moderate,Moderate,TRUE,60,60,60,0,55,57.5,57.5,0,70,70,70,0,8.5,70,70,70,0,4.299999999999999,40,40,40,0,13.100000000000001,60,60,60,0,4,50,60,50,10,9.299999999999997,80,90,80,10,9.200000000000003,50,50,50,0,3.4000000000000004,40,30,50,20,14.599999999999994
13219,Georgia,GA,Oconee,within_state,full,100,100,98.75,1.25,High,High,High,TRUE,100,100,100,0,100,100,97.5,2.5,100,100,100,0,6.5,100,100,100,0,3.1000000000000014,100,100,100,0,12,100,100,100,0,2.1000000000000005,100,100,100,0,7.899999999999999,100,100,90,10,9.199999999999996,100,100,100,0,2.3,100,100,100,0,14
13221,Georgia,GA,Oglethorpe,within_state,full,76.25,76.25,76.25,0,Moderate,Moderate,Moderate,TRUE,75,77.5,72.5,5,77.5,75,80,5,70,80,70,10,8.799999999999997,70,70,70,0,4.4,70,70,60,10,14.399999999999999,90,90,90,0,3.1999999999999993,80,80,80,0,7.800000000000004,60,40,70,30,8.799999999999997,80,80,80,0,3.1000000000000014,90,100,90,10,15.800000000000004
13223,Georgia,GA,Paulding,within_state,full,82.5,76.25,81.25,5,High,Moderate,High,FALSE,77.5,75,77.5,2.5,87.5,77.5,85,7.5,90,90,90,0,7.899999999999999,90,80,90,10,3.9000000000000004,30,30,40,10,12.600000000000001,100,100,90,10,3,90,80,90,10,7.099999999999998,90,70,90,20,8.100000000000001,90,90,90,0,2.8000000000000007,80,70,70,0,13.600000000000001
13225,Georgia,GA,Peach,within_state,full,46.25,47.5,46.25,1.25,Low,Low,Low,TRUE,50,52.5,50,2.5,42.5,42.5,42.5,0,60,70,60,10,9.099999999999998,70,70,70,0,4.299999999999999,40,40,40,0,14.200000000000003,30,30,30,0,4.300000000000001,40,40,40,0,8.799999999999997,50,40,40,0,9.299999999999997,50,50,50,0,3.5,30,40,40,0,16
13227,Georgia,GA,Pickens,within_state,full,93.75,97.5,90,7.5,High,High,High,TRUE,95,97.5,90,7.5,92.5,97.5,90,7.5,90,100,90,10,8.400000000000002,100,100,90,10,4.200000000000001,100,100,90,10,14.600000000000001,90,90,90,0,3.1999999999999993,100,100,100,0,8,80,90,80,10,9.300000000000004,100,100,100,0,3,90,100,80,20,16.7
13229,Georgia,GA,Pierce,within_state,full,71.25,71.25,70,1.25,Moderate,Moderate,Moderate,TRUE,82.5,85,82.5,2.5,60,57.5,57.5,0,80,80,80,0,8.5,80,80,80,0,4.299999999999999,90,100,90,10,13.900000000000002,80,80,80,0,3.799999999999999,80,80,80,0,8.600000000000001,10,10,10,0,9.700000000000003,80,70,80,10,3.0999999999999996,70,70,60,10,16.3
13231,Georgia,GA,Pike,within_state,full,96.25,96.25,93.75,2.5,High,High,High,TRUE,95,95,92.5,2.5,97.5,97.5,95,2.5,90,90,90,0,7.899999999999999,90,90,90,0,3.9000000000000004,100,100,90,10,14,100,100,100,0,3,90,90,90,0,8.299999999999997,100,100,90,10,9.2,100,100,100,0,2.8000000000000007,100,100,100,0,15.899999999999999
13233,Georgia,GA,Polk,within_state,full,57.5,57.5,58.75,1.25,Moderate,Moderate,Moderate,TRUE,57.5,57.5,57.5,0,57.5,57.5,60,2.5,50,50,50,0,9.099999999999998,50,50,50,0,4.699999999999999,70,70,70,0,13.699999999999996,60,60,60,0,4.300000000000001,70,70,70,0,8.399999999999999,40,50,50,0,9.400000000000002,70,70,70,0,3.299999999999999,50,40,50,10,15.600000000000001
13235,Georgia,GA,Pulaski,within_state,full,38.75,38.75,38.75,0,Low,Low,Low,TRUE,30,30,30,0,47.5,47.5,47.5,0,30,30,30,0,9.399999999999999,30,30,30,0,5,30,30,30,0,14.100000000000001,30,30,30,0,4.800000000000001,40,40,40,0,8.799999999999997,70,70,70,0,9.400000000000002,50,50,50,0,3.4000000000000004,30,30,30,0,15.899999999999999
13237,Georgia,GA,Putnam,within_state,full,63.75,65,61.25,3.75,Moderate,Moderate,Moderate,TRUE,75,75,72.5,2.5,52.5,55,50,5,70,70,70,0,8.899999999999999,80,80,80,0,4.400000000000002,70,70,60,10,14,80,80,80,0,3.5000000000000018,60,70,60,10,9.099999999999994,40,40,30,10,9.600000000000001,70,70,70,0,3.299999999999999,40,40,40,0,16
13239,Georgia,GA,Quitman,within_state,full,31.25,33.75,30,3.75,Low,Low,Low,TRUE,30,32.5,30,2.5,32.5,35,30,5,40,40,40,0,9.399999999999999,40,40,40,0,4.799999999999997,20,30,20,10,15,20,20,20,0,5.099999999999998,20,20,20,0,9.5,70,70,60,10,9.7,20,20,20,0,3.8000000000000007,20,30,20,10,17
13241,Georgia,GA,Rabun,within_state,full,83.75,83.75,82.5,1.25,High,High,High,TRUE,85,85,85,0,82.5,82.5,80,2.5,90,90,90,0,8,80,80,80,0,4.200000000000001,100,100,100,0,13.3,70,70,70,0,4.1,80,80,80,0,8.5,70,70,70,0,9.200000000000003,90,90,90,0,2.8999999999999986,90,90,80,10,15.400000000000002
13243,Georgia,GA,Randolph,within_state,full,12.5,11.25,12.5,1.25,Low,Low,Low,TRUE,10,10,10,0,15,12.5,15,2.5,10,10,10,0,10.799999999999997,10,10,10,0,6,10,10,10,0,15,10,10,10,0,5.700000000000003,10,10,10,0,9.200000000000003,30,20,30,10,9.299999999999997,10,10,10,0,4.4,10,10,10,0,17.1
13245,Georgia,GA,Richmond,within_state,full,42.5,36.25,47.5,11.25,Low,Low,Low,TRUE,45,37.5,50,12.5,40,35,45,10,50,40,60,20,7.700000000000003,60,50,60,10,4.300000000000001,20,10,30,20,10.200000000000003,50,50,50,0,4.199999999999999,20,20,20,0,7.800000000000004,100,90,100,10,7.899999999999999,20,20,20,0,3.5,20,10,40,30,11.100000000000001
13247,Georgia,GA,Rockdale,within_state,full,50,50,51.25,1.25,Moderate,Moderate,Moderate,TRUE,55,52.5,55,2.5,45,47.5,47.5,0,70,60,70,10,8.5,80,80,80,0,3.9999999999999982,30,30,30,0,13.600000000000001,40,40,40,0,4.600000000000001,30,30,30,0,8.700000000000003,100,100,100,0,9.100000000000001,40,40,40,0,3.5,10,20,20,0,15.199999999999996
13249,Georgia,GA,Schley,within_state,full,70,71.25,65,6.25,Moderate,Moderate,Moderate,TRUE,67.5,67.5,65,2.5,72.5,75,65,10,70,70,70,0,8.600000000000001,70,70,70,0,4.300000000000001,60,60,50,10,14.200000000000003,70,70,70,0,4,70,70,70,0,8.899999999999999,70,80,50,30,9.900000000000002,70,70,70,0,3.0999999999999996,80,80,70,10,15.799999999999997
13251,Georgia,GA,Screven,within_state,full,40,41.25,38.75,2.5,Low,Low,Low,TRUE,35,37.5,35,2.5,45,45,42.5,2.5,50,50,50,0,9.499999999999996,30,30,30,0,5.199999999999999,20,30,20,10,14.5,40,40,40,0,4.5,40,40,40,0,8.899999999999999,60,60,50,10,9.5,40,40,40,0,3.6000000000000014,40,40,40,0,16.200000000000003
13253,Georgia,GA,Seminole,within_state,full,43.75,47.5,42.5,5,Low,Low,Low,TRUE,45,47.5,45,2.5,42.5,47.5,40,7.5,60,60,60,0,9.499999999999996,40,40,40,0,4.900000000000002,40,50,40,10,15,40,40,40,0,4.300000000000001,50,50,50,0,8.799999999999997,40,50,40,10,9.5,40,40,40,0,3.5999999999999996,40,50,30,20,17
13255,Georgia,GA,Spalding,within_state,full,55,55,53.75,1.25,Moderate,Moderate,Moderate,TRUE,45,45,42.5,2.5,65,65,65,0,50,50,40,10,9.2,50,50,50,0,4.800000000000001,30,30,30,0,14.200000000000003,50,50,50,0,4.300000000000001,60,60,60,0,8.899999999999999,90,90,90,0,9,50,50,50,0,3.4000000000000004,60,60,60,0,15.600000000000001
13257,Georgia,GA,Stephens,within_state,full,73.75,75,71.25,3.75,Moderate,Moderate,Moderate,TRUE,80,77.5,75,2.5,67.5,72.5,67.5,5,70,70,70,0,8.899999999999999,70,60,60,0,4.400000000000002,100,100,90,10,13.700000000000003,80,80,80,0,3.400000000000002,80,90,80,10,8.599999999999998,30,30,30,0,9.599999999999998,80,80,80,0,3.200000000000001,80,90,80,10,16
13259,Georgia,GA,Stewart,within_state,full,17.5,18.75,16.25,2.5,Low,Low,Low,TRUE,15,17.5,15,2.5,20,20,17.5,2.5,10,10,10,0,10,20,20,20,0,5.100000000000001,10,20,10,10,14.900000000000006,20,20,20,0,4.899999999999999,20,10,20,10,8.799999999999997,20,30,10,20,9.899999999999999,10,10,10,0,4.100000000000001,30,30,30,0,16.6
13261,Georgia,GA,Sumter,within_state,full,33.75,33.75,35,1.25,Low,Low,Low,TRUE,32.5,32.5,32.5,0,35,35,37.5,2.5,30,30,30,0,9.3,50,50,50,0,4.5,20,20,20,0,14.200000000000003,30,30,30,0,4.899999999999999,30,30,30,0,8.700000000000003,70,70,70,0,9.3,20,20,20,0,3.6999999999999993,20,20,30,10,15.799999999999997
13263,Georgia,GA,Talbot,within_state,full,26.25,28.75,25,3.75,Low,Low,Low,TRUE,25,25,22.5,2.5,27.5,32.5,27.5,5,20,20,20,0,10.099999999999998,30,30,30,0,5.100000000000001,30,30,20,10,15.100000000000001,20,20,20,0,4.900000000000002,10,20,20,0,9.200000000000003,50,60,50,10,9.600000000000001,20,20,20,0,3.8000000000000007,30,30,20,10,17.1
13265,Georgia,GA,Taliaferro,within_state,full,30,31.25,26.25,5,Low,Low,Low,TRUE,27.5,27.5,25,2.5,32.5,35,27.5,7.5,30,30,30,0,9.7,40,40,40,0,4.800000000000001,20,20,10,10,15.399999999999999,20,20,20,0,5.100000000000001,10,10,10,0,9,70,70,60,10,9.5,20,20,20,0,3.8000000000000007,30,40,20,20,17.5
13267,Georgia,GA,Tattnall,within_state,full,26.25,26.25,26.25,0,Low,Low,Low,TRUE,30,30,30,0,22.5,22.5,22.5,0,30,30,30,0,9.599999999999998,30,30,30,0,4.899999999999999,30,30,30,0,14.399999999999999,30,30,30,0,4.599999999999998,30,30,30,0,9.100000000000001,10,10,10,0,9.599999999999998,40,40,40,0,3.5,10,10,10,0,16.4
13269,Georgia,GA,Taylor,within_state,full,20,21.25,17.5,3.75,Low,Low,Low,TRUE,17.5,17.5,15,2.5,22.5,25,20,5,10,10,10,0,10.099999999999998,10,10,10,0,5.600000000000001,40,40,30,10,14.899999999999999,10,10,10,0,5.100000000000001,20,20,20,0,9.700000000000003,20,20,10,10,10,20,20,20,0,3.8000000000000007,30,40,30,10,17.099999999999994
13271,Georgia,GA,Telfair,within_state,full,12.5,13.75,12.5,1.25,Low,Low,Low,TRUE,15,15,15,0,10,12.5,10,2.5,10,10,10,0,10.100000000000001,20,20,20,0,5.199999999999999,20,20,20,0,14.5,10,10,10,0,5.799999999999997,10,10,10,0,9.5,10,10,10,0,9.600000000000001,10,10,10,0,4,10,20,10,10,16.400000000000006
13273,Georgia,GA,Terrell,within_state,full,15,12.5,13.75,1.25,Low,Low,Low,TRUE,12.5,10,12.5,2.5,17.5,15,15,0,10,10,10,0,10,20,10,20,10,5.199999999999999,10,10,10,0,15,10,10,10,0,5.600000000000001,10,10,10,0,9.200000000000003,40,30,30,0,9.5,10,10,10,0,3.9000000000000004,10,10,10,0,16.9
13275,Georgia,GA,Thomas,within_state,full,68.75,70,70,0,Moderate,Moderate,Moderate,TRUE,67.5,67.5,67.5,0,70,72.5,72.5,0,80,80,80,0,8,80,80,70,10,4.300000000000001,50,50,60,10,12.900000000000006,60,60,60,0,3.900000000000002,60,60,60,0,8.5,90,100,100,0,8.399999999999999,60,60,60,0,3.3000000000000007,70,70,70,0,14.100000000000001
13277,Georgia,GA,Tift,within_state,full,46.25,43.75,46.25,2.5,Low,Low,Low,TRUE,57.5,57.5,57.5,0,35,30,35,5,40,40,40,0,9.000000000000004,70,70,70,0,4.499999999999998,70,70,70,0,12.600000000000001,50,50,50,0,4.399999999999999,50,40,40,0,8.599999999999994,10,10,10,0,9.200000000000003,40,40,40,0,3.5,40,30,50,20,14.200000000000003
13279,Georgia,GA,Toombs,within_state,full,52.5,51.25,50,1.25,Moderate,Moderate,Moderate,TRUE,57.5,57.5,57.5,0,47.5,45,42.5,2.5,70,70,70,0,8.7,70,70,70,0,4.300000000000001,50,50,50,0,13.799999999999997,40,40,40,0,4.699999999999999,60,50,50,0,8.699999999999996,30,30,20,10,9.399999999999999,60,60,60,0,3.3000000000000007,40,40,40,0,15.799999999999997
13281,Georgia,GA,Towns,within_state,full,83.75,86.25,83.75,2.5,High,High,High,TRUE,95,95,95,0,72.5,77.5,72.5,5,100,100,100,0,7.899999999999999,90,90,90,0,3.8000000000000007,100,100,100,0,13.599999999999998,90,90,90,0,3.1999999999999993,90,90,90,0,8.599999999999998,20,30,20,10,9.5,100,100,100,0,2.8000000000000007,80,90,80,10,15.799999999999997
13283,Georgia,GA,Treutlen,within_state,full,25,27.5,26.25,1.25,Low,Low,Low,TRUE,25,30,27.5,2.5,25,25,25,0,10,20,20,0,9.799999999999997,20,20,20,0,5.100000000000001,40,50,40,10,14.399999999999999,30,30,30,0,4.5,30,30,30,0,9.199999999999996,20,20,20,0,9.5,20,20,20,0,3.700000000000001,30,30,30,0,16.4
13285,Georgia,GA,Troup,within_state,full,58.75,57.5,58.75,1.25,Moderate,Moderate,Moderate,TRUE,70,70,70,0,47.5,45,47.5,2.5,70,70,70,0,8.499999999999996,80,80,80,0,4.099999999999998,60,60,60,0,13.300000000000004,70,70,70,0,3.6000000000000014,30,30,30,0,8.699999999999996,50,40,50,10,9.200000000000003,60,60,60,0,3.3000000000000007,50,50,50,0,15
13287,Georgia,GA,Turner,within_state,full,17.5,22.5,16.25,6.25,Low,Low,Low,TRUE,17.5,22.5,15,7.5,17.5,22.5,17.5,5,20,20,10,10,10.2,10,20,10,10,5.5,20,30,20,10,14.799999999999997,20,20,20,0,5.299999999999997,20,20,20,0,9.199999999999996,10,30,20,10,9.700000000000003,10,10,10,0,3.8999999999999986,30,30,20,10,16.799999999999997
13289,Georgia,GA,Twiggs,within_state,full,52.5,57.5,51.25,6.25,Moderate,Moderate,Moderate,TRUE,50,52.5,50,2.5,55,62.5,52.5,10,50,50,50,0,9.400000000000002,50,50,50,0,4.599999999999998,40,50,40,10,15,60,60,60,0,4.099999999999998,60,60,60,0,8.800000000000004,70,90,70,20,9.600000000000001,50,50,50,0,3.3999999999999986,40,50,30,20,17.1
13291,Georgia,GA,Union,within_state,full,83.75,85,83.75,1.25,High,High,High,TRUE,80,82.5,80,2.5,87.5,87.5,87.5,0,80,80,80,0,8.5,60,60,60,0,4.399999999999999,80,90,80,10,13.900000000000002,100,100,100,0,3,90,90,90,0,7.899999999999999,90,80,90,10,8.700000000000003,90,90,90,0,3,80,90,80,10,15.600000000000001
13293,Georgia,GA,Upson,within_state,full,42.5,42.5,40,2.5,Low,Low,Low,TRUE,42.5,42.5,40,2.5,42.5,42.5,40,2.5,40,40,40,0,9.400000000000002,40,40,40,0,4.900000000000002,60,60,50,10,14.5,30,30,30,0,4.699999999999999,50,50,50,0,8.800000000000004,20,20,20,0,9.700000000000003,50,50,50,0,3.5,50,50,40,10,16.400000000000006
13295,Georgia,GA,Walker,within_state,full,58.75,60,62.5,2.5,Moderate,Moderate,Moderate,TRUE,47.5,47.5,50,2.5,70,72.5,75,2.5,30,30,30,0,9.2,30,30,30,0,5.099999999999998,40,40,50,10,12.800000000000004,90,90,90,0,3.1000000000000014,80,80,80,0,8.100000000000001,80,90,80,10,9.200000000000003,80,80,80,0,3,40,40,60,20,14.099999999999994
13297,Georgia,GA,Walton,within_state,full,75,76.25,77.5,1.25,Moderate,Moderate,Moderate,TRUE,75,75,80,5,75,77.5,75,2.5,80,80,80,0,8.399999999999999,60,60,70,10,4.300000000000001,80,80,90,10,12.700000000000003,80,80,80,0,3.299999999999999,70,70,70,0,8.899999999999999,60,80,70,10,9.599999999999998,70,70,70,0,3.0999999999999996,100,90,90,0,13.8
13299,Georgia,GA,Ware,within_state,full,37.5,37.5,38.75,1.25,Low,Low,Low,TRUE,35,35,37.5,2.5,40,40,40,0,40,40,40,0,9.200000000000003,20,20,20,0,5.100000000000001,60,60,70,10,13.200000000000003,20,20,20,0,4.800000000000001,30,30,30,0,8.600000000000001,10,10,10,0,9.3,50,50,50,0,3.5,70,70,70,0,14.700000000000003
13301,Georgia,GA,Warren,within_state,full,26.25,27.5,23.75,3.75,Low,Low,Low,TRUE,27.5,27.5,27.5,0,25,27.5,20,7.5,30,30,30,0,9.7,40,40,40,0,4.899999999999999,20,20,20,0,14.800000000000004,20,20,20,0,5.199999999999999,10,10,10,0,9.5,50,60,30,30,10.100000000000001,20,20,20,0,3.700000000000001,20,20,20,0,16.9
13303,Georgia,GA,Washington,within_state,full,28.75,30,28.75,1.25,Low,Low,Low,TRUE,30,30,30,0,27.5,30,27.5,2.5,30,30,30,0,9.100000000000001,40,40,40,0,4.699999999999999,20,20,20,0,14.100000000000001,30,30,30,0,4.899999999999999,10,10,10,0,9,40,50,40,10,9.600000000000001,30,30,30,0,3.5999999999999996,30,30,30,0,16
13305,Georgia,GA,Wayne,within_state,full,41.25,41.25,41.25,0,Low,Low,Low,TRUE,42.5,42.5,42.5,0,40,40,40,0,40,40,40,0,9.200000000000003,30,30,30,0,5.100000000000001,50,50,50,0,13.800000000000004,50,50,50,0,4.100000000000001,50,50,50,0,8.399999999999999,10,10,10,0,9.3,50,50,50,0,3.3999999999999986,50,50,50,0,15.600000000000001
13307,Georgia,GA,Webster,within_state,full,27.5,30,23.75,6.25,Low,Low,Low,TRUE,27.5,30,25,5,27.5,30,22.5,7.5,30,30,30,0,10,30,30,30,0,4.900000000000002,30,40,20,20,15.400000000000006,20,20,20,0,4.900000000000002,20,20,20,0,9,40,40,30,10,9.600000000000001,20,20,20,0,3.8000000000000007,30,40,20,20,17.5
13309,Georgia,GA,Wheeler,within_state,full,15,16.25,15,1.25,Low,Low,Low,TRUE,17.5,17.5,17.5,0,12.5,15,12.5,2.5,20,20,20,0,9.7,10,10,10,0,5.600000000000001,20,20,20,0,14.300000000000004,20,20,20,0,4.800000000000001,10,10,10,0,9.399999999999999,20,30,20,10,9.8,10,10,10,0,4,10,10,10,0,16.1
13311,Georgia,GA,White,within_state,full,93.75,95,92.5,2.5,High,High,High,TRUE,95,95,95,0,92.5,95,90,5,100,100,100,0,7.599999999999998,90,90,90,0,4,100,100,100,0,13.599999999999998,90,90,90,0,3.1999999999999993,100,100,100,0,8.299999999999997,70,80,70,10,9.599999999999998,100,100,100,0,2.700000000000001,100,100,90,10,15.5
13313,Georgia,GA,Whitfield,within_state,full,57.5,56.25,60,3.75,Moderate,Moderate,Moderate,TRUE,62.5,60,65,5,52.5,52.5,55,2.5,50,40,50,10,8.7,60,60,60,0,4.400000000000002,60,60,70,10,12.699999999999996,80,80,80,0,3.4000000000000004,80,80,80,0,8.2,10,10,10,0,9.299999999999997,40,40,40,0,3.4000000000000004,80,80,90,10,13.8
13315,Georgia,GA,Wilcox,within_state,full,31.25,32.5,27.5,5,Low,Low,Low,TRUE,35,35,30,5,27.5,30,25,5,40,40,40,0,9.599999999999998,30,30,30,0,5,30,30,20,10,15.100000000000001,40,40,30,10,4.699999999999999,10,10,10,0,9.200000000000003,10,10,10,0,9.599999999999998,40,40,40,0,3.700000000000001,50,60,40,20,16.9
13317,Georgia,GA,Wilkes,within_state,full,35,41.25,35,6.25,Low,Low,Low,TRUE,37.5,40,37.5,2.5,32.5,42.5,32.5,10,30,30,30,0,9.899999999999999,30,40,40,0,4.899999999999999,40,40,30,10,14.800000000000004,50,50,50,0,4.5,30,40,30,10,9.899999999999999,40,60,40,20,9.7,40,40,40,0,3.5,20,30,20,10,17.1
13319,Georgia,GA,Wilkinson,within_state,full,30,31.25,27.5,3.75,Low,Low,Low,TRUE,25,25,22.5,2.5,35,37.5,32.5,5,30,30,20,10,10.000000000000004,20,20,20,0,5.199999999999999,10,10,10,0,14.899999999999999,40,40,40,0,4.599999999999998,30,30,30,0,8.899999999999999,50,60,40,20,9.799999999999997,30,30,40,10,3.5,30,30,20,10,16.700000000000003
13321,Georgia,GA,Worth,within_state,full,53.75,56.25,53.75,2.5,Moderate,Moderate,Moderate,TRUE,52.5,55,52.5,2.5,55,57.5,55,2.5,50,50,50,0,9.100000000000001,50,50,50,0,4.800000000000001,70,80,70,10,13.899999999999999,40,40,40,0,4.300000000000001,50,50,50,0,8.699999999999996,40,40,40,0,9.299999999999997,60,60,60,0,3.4000000000000004,70,80,70,10,15.699999999999996
48001,Texas,TX,Anderson,within_state,partial,40,47.5,37.5,10,Low,Low,Low,TRUE,42.5,50,40,10,37.5,45,35,10,70,80,70,10,9.200000000000003,40,40,30,10,4.699999999999999,10,30,10,20,15.299999999999997,50,50,50,0,4.5,10,10,10,0,8.5,40,50,40,10,9.299999999999997,50,50,40,10,3.8000000000000007,50,70,50,20,17
48003,Texas,TX,Andrews,within_state,partial,55,57.5,52.5,5,Moderate,Moderate,Moderate,TRUE,57.5,60,57.5,2.5,52.5,55,47.5,7.5,40,40,40,0,9.299999999999997,70,70,70,0,3.9999999999999982,70,80,70,10,14.7,50,50,50,0,4.100000000000001,70,70,70,0,8.399999999999999,40,40,30,10,9.7,40,40,40,0,3.5999999999999996,60,70,50,20,16.7
48005,Texas,TX,Angelina,within_state,partial,26.25,21.25,40,18.75,Low,Low,Low,TRUE,30,27.5,42.5,15,22.5,15,37.5,22.5,40,30,50,20,6.699999999999999,20,20,20,0,4.199999999999999,10,10,50,40,8.600000000000001,50,50,50,0,4,10,10,20,10,6.299999999999997,10,10,20,10,7,40,30,40,10,3.1000000000000014,30,10,70,60,9.199999999999996
48007,Texas,TX,Aransas,within_state,partial,55,56.25,52.5,3.75,Moderate,Moderate,Moderate,TRUE,47.5,47.5,45,2.5,62.5,65,60,5,40,40,40,0,9.299999999999997,30,30,30,0,4.5,50,50,40,10,13.900000000000006,70,70,70,0,3.8999999999999986,80,90,80,10,8,70,70,60,10,9.299999999999997,60,60,60,0,3.3000000000000007,40,40,40,0,15.5
48009,Texas,TX,Archer,within_state,partial,93.75,95,86.25,8.75,High,High,High,TRUE,95,97.5,92.5,5,92.5,92.5,80,12.5,100,100,90,10,8.2,90,90,90,0,4,90,100,90,10,14.400000000000002,100,100,100,0,2.700000000000001,80,80,70,10,8.599999999999998,100,90,70,20,9.799999999999997,100,100,100,0,2.9000000000000004,90,100,80,20,16.300000000000004
48011,Texas,TX,Armstrong,within_state,partial,95,86.25,95,8.75,High,High,High,TRUE,92.5,77.5,97.5,20,97.5,95,92.5,2.5,90,90,100,10,3.6999999999999993,80,70,90,20,2.1999999999999993,100,50,100,50,6.399999999999999,100,100,100,0,1.6999999999999993,100,100,90,10,8.200000000000003,90,100,80,20,9.499999999999996,100,100,100,0,1.5,100,80,100,20,7.100000000000001
48013,Texas,TX,Atascosa,within_state,partial,51.25,53.75,48.75,5,Moderate,Moderate,Low,FALSE,55,52.5,52.5,0,47.5,55,45,10,30,20,30,10,9.3,80,80,80,0,3.8999999999999986,80,80,70,10,13.599999999999998,30,30,30,0,4.600000000000001,80,90,70,20,8.5,70,80,60,20,9.700000000000003,30,30,30,0,3.799999999999999,10,20,20,0,15.700000000000003
48015,Texas,TX,Austin,within_state,partial,82.5,83.75,81.25,2.5,High,High,High,TRUE,77.5,77.5,77.5,0,87.5,90,85,5,80,80,80,0,8.600000000000001,70,70,70,0,4.099999999999998,80,80,80,0,13.8,80,80,80,0,3.799999999999999,80,90,80,10,8.399999999999999,100,100,90,10,9.3,80,80,80,0,3.0999999999999996,90,90,90,0,15.599999999999998
48017,Texas,TX,Bailey,within_state,partial,68.75,71.25,60,11.25,Moderate,Moderate,Moderate,TRUE,70,72.5,57.5,15,67.5,70,62.5,7.5,50,50,40,10,9.8,100,100,90,10,3.700000000000001,90,100,70,30,15.099999999999998,40,40,30,10,4.699999999999999,80,80,80,0,8.100000000000001,70,70,60,10,9.600000000000001,50,50,50,0,3.5999999999999996,70,80,60,20,17.3
48019,Texas,TX,Bandera,within_state,partial,86.25,88.75,83.75,5,High,High,High,TRUE,85,85,80,5,87.5,92.5,87.5,5,90,90,90,0,8.099999999999998,80,80,80,0,4.100000000000001,80,80,70,10,13.700000000000003,90,90,80,10,3.6000000000000014,80,90,80,10,8.100000000000001,90,100,90,10,9.400000000000002,90,90,90,0,3.1000000000000014,90,90,90,0,15.099999999999998
48021,Texas,TX,Bastrop,within_state,partial,76.25,73.75,76.25,2.5,Moderate,Moderate,Moderate,TRUE,85,85,85,0,67.5,62.5,67.5,5,80,80,80,0,8,90,90,90,0,3.799999999999999,100,100,100,0,12.100000000000001,70,70,70,0,3.6000000000000014,90,80,80,0,7.899999999999999,70,60,70,10,9.000000000000004,70,70,70,0,3.299999999999999,40,40,50,10,14
48023,Texas,TX,Baylor,within_state,partial,83.75,88.75,77.5,11.25,High,High,Moderate,FALSE,82.5,90,80,10,85,87.5,75,12.5,90,100,90,10,8.3,80,90,80,10,4.1,80,90,70,20,14.8,80,80,80,0,3.6999999999999993,80,80,70,10,8.599999999999998,70,70,50,20,9.700000000000003,100,100,100,0,3,90,100,80,20,16.299999999999997
48025,Texas,TX,Bee,within_state,partial,21.25,27.5,21.25,6.25,Low,Low,Low,TRUE,25,32.5,25,7.5,17.5,22.5,17.5,5,20,30,20,10,9.8,40,40,40,0,4.399999999999999,20,40,20,20,15.099999999999994,20,20,20,0,5.099999999999998,20,20,20,0,8.100000000000001,20,20,20,0,9.200000000000003,20,20,20,0,4,10,30,10,20,17.299999999999997
48027,Texas,TX,Bell,within_state,partial,62.5,50,71.25,21.25,Moderate,Moderate,Moderate,TRUE,57.5,55,65,10,67.5,45,77.5,32.5,70,60,70,10,6.800000000000001,80,80,80,0,3.5999999999999996,10,10,40,30,9.099999999999994,70,70,70,0,3.8000000000000007,60,50,70,20,6.300000000000001,100,70,100,30,7,50,40,50,10,3.200000000000001,60,20,90,70,9.700000000000003
48029,Texas,TX,Bexar,within_state,partial,57.5,43.75,73.75,30,Moderate,Low,Moderate,FALSE,62.5,55,77.5,22.5,52.5,32.5,70,37.5,70,60,80,20,5.600000000000001,90,90,90,0,3.0999999999999996,30,10,80,70,7.199999999999996,60,60,60,0,3.700000000000003,90,70,90,20,6.200000000000003,20,10,60,50,7,20,20,30,10,3.0999999999999996,80,30,100,70,7.5
48031,Texas,TX,Blanco,within_state,partial,93.75,95,85,10,High,High,High,TRUE,90,92.5,85,7.5,97.5,97.5,85,12.5,100,100,90,10,8,70,80,70,10,4,100,100,90,10,14.299999999999997,90,90,90,0,3.3999999999999986,100,100,90,10,8.300000000000004,90,90,70,20,9.600000000000001,100,100,90,10,3,100,100,90,10,15.899999999999999
48033,Texas,TX,Borden,within_state,partial,100,93.75,98.75,5,High,High,High,TRUE,100,92.5,100,7.5,100,95,97.5,2.5,100,100,100,0,3.1000000000000014,100,100,100,0,1.6999999999999993,100,70,100,30,5.9999999999999964,100,100,100,0,1.3999999999999986,100,100,100,0,7.899999999999999,100,100,90,10,9.7,100,100,100,0,1.299999999999999,100,80,100,20,6.600000000000001
48035,Texas,TX,Bosque,within_state,partial,70,71.25,63.75,7.5,Moderate,Moderate,Moderate,TRUE,65,65,60,5,75,77.5,67.5,10,60,60,60,0,8.899999999999999,30,30,30,0,4.5,80,80,60,20,14.5,90,90,90,0,3.4999999999999982,70,70,60,10,8.399999999999999,80,80,70,10,9.3,70,70,70,0,3.1999999999999993,80,90,70,20,16.200000000000003
48037,Texas,TX,Bowie,within_state,partial,42.5,47.5,42.5,5,Low,Low,Low,TRUE,42.5,45,42.5,2.5,42.5,50,42.5,7.5,70,70,70,0,9,40,40,40,0,4.5,10,20,10,10,14.600000000000001,50,50,50,0,4.100000000000001,20,30,20,10,8.5,60,70,50,20,9.600000000000001,60,60,60,0,3.5,30,40,40,0,16.1
48039,Texas,TX,Brazoria,within_state,partial,57.5,48.75,80,31.25,Moderate,Low,High,FALSE,72.5,70,85,15,42.5,27.5,75,47.5,90,80,90,10,6,100,100,100,0,3.0999999999999996,10,10,60,50,8.5,90,90,90,0,3.1000000000000014,40,20,60,40,5.800000000000001,20,10,80,70,6.600000000000001,60,60,70,10,2.9000000000000004,50,20,90,70,8.900000000000006
48041,Texas,TX,Brazos,within_state,partial,80,77.5,75,2.5,High,Moderate,Moderate,FALSE,87.5,87.5,85,2.5,72.5,67.5,65,2.5,90,90,90,0,8.3,90,90,90,0,3.900000000000002,100,100,90,10,12.900000000000002,70,70,70,0,3.8000000000000007,50,50,40,10,8.100000000000001,90,80,80,0,9.099999999999998,60,60,60,0,3.4000000000000004,90,80,80,0,14.600000000000001
48043,Texas,TX,Brewster,within_state,partial,88.75,91.25,85,6.25,High,High,High,TRUE,90,90,87.5,2.5,87.5,92.5,82.5,10,100,100,100,0,7.800000000000001,100,100,100,0,3,100,100,90,10,13.899999999999999,60,60,60,0,3.900000000000002,100,100,90,10,8.299999999999997,70,80,60,20,9.599999999999998,90,90,90,0,3.1000000000000014,90,100,90,10,15.8
48045,Texas,TX,Briscoe,within_state,partial,16.25,11.25,37.5,26.25,Low,Low,Low,TRUE,15,12.5,27.5,15,17.5,10,47.5,37.5,10,10,20,10,6.5,10,10,10,0,3.3999999999999986,20,10,60,50,9.200000000000003,20,20,20,0,3.3999999999999986,20,10,40,30,4.800000000000004,20,10,90,80,5.300000000000001,20,10,20,10,2.6000000000000014,10,10,40,30,10.600000000000001
48047,Texas,TX,Brooks,within_state,partial,17.5,15,28.75,13.75,Low,Low,Low,TRUE,25,17.5,42.5,25,10,12.5,15,2.5,10,10,10,0,4.899999999999999,60,40,70,30,2.3999999999999986,20,10,80,70,6.899999999999999,10,10,10,0,3.1999999999999993,10,10,10,0,9,10,20,10,10,10,10,10,10,0,2.5,10,10,30,20,7.899999999999999
48049,Texas,TX,Brown,within_state,partial,68.75,73.75,62.5,11.25,Moderate,Moderate,Moderate,TRUE,67.5,70,65,5,70,77.5,60,17.5,70,70,70,0,8.800000000000004,70,70,60,10,4.200000000000001,60,70,60,10,14.099999999999994,70,70,70,0,3.6999999999999993,60,70,50,20,8.500000000000004,70,80,60,20,9.600000000000001,80,80,70,10,3.200000000000001,70,80,60,20,15.699999999999996
48051,Texas,TX,Burleson,within_state,partial,76.25,77.5,72.5,5,Moderate,Moderate,Moderate,TRUE,72.5,75,72.5,2.5,80,80,72.5,7.5,70,70,70,0,8.499999999999996,50,60,60,0,4.100000000000001,80,80,70,10,14.099999999999998,90,90,90,0,3.1999999999999993,80,80,70,10,8.3,100,100,90,10,9.400000000000002,70,70,70,0,3.1999999999999993,70,70,60,10,15.899999999999999
48053,Texas,TX,Burnet,within_state,partial,76.25,78.75,75,3.75,Moderate,Moderate,Moderate,TRUE,80,80,77.5,2.5,72.5,77.5,72.5,5,80,80,80,0,8.599999999999998,80,80,80,0,4.1,70,70,60,10,14.2,90,90,90,0,3.1999999999999993,80,90,80,10,8.100000000000001,100,100,90,10,9.199999999999996,90,90,90,0,3,20,30,30,0,16.099999999999994
48055,Texas,TX,Caldwell,within_state,partial,58.75,60,45,15,Moderate,Moderate,Low,FALSE,60,60,50,10,57.5,60,40,20,40,40,30,10,10.099999999999998,70,70,60,10,4.5,90,90,70,20,15,40,40,40,0,4.300000000000001,60,60,40,20,9.199999999999996,80,80,40,40,10,30,30,30,0,3.8999999999999986,60,70,50,20,16.9
48057,Texas,TX,Calhoun,within_state,partial,77.5,78.75,71.25,7.5,Moderate,Moderate,Moderate,TRUE,80,80,75,5,75,77.5,67.5,10,80,80,70,10,8.599999999999998,100,100,100,0,3.5,80,80,70,10,14.3,60,60,60,0,4,90,90,80,10,8.000000000000004,60,70,50,20,9.600000000000001,60,60,60,0,3.3000000000000007,90,90,80,10,15.799999999999997
48059,Texas,TX,Callahan,within_state,partial,91.25,92.5,85,7.5,High,High,High,TRUE,85,87.5,80,7.5,97.5,97.5,90,7.5,90,90,90,0,8.899999999999999,70,70,60,10,4.399999999999999,90,100,80,20,14.900000000000002,90,90,90,0,3.1999999999999993,100,100,100,0,8.400000000000002,100,100,90,10,9.600000000000001,100,90,90,0,3.0999999999999996,90,100,80,20,16.9
48061,Texas,TX,Cameron,within_state,partial,25,20,37.5,17.5,Low,Low,Low,TRUE,27.5,22.5,37.5,15,22.5,17.5,37.5,20,10,10,10,0,7.399999999999999,60,60,60,0,4,30,10,70,60,8.699999999999996,10,10,10,0,5.199999999999996,40,30,50,20,6.300000000000004,30,20,80,60,6.899999999999999,10,10,10,0,4,10,10,10,0,9.699999999999996
48063,Texas,TX,Camp,within_state,partial,40,46.25,35,11.25,Low,Low,Low,TRUE,42.5,50,37.5,12.5,37.5,42.5,32.5,10,50,50,50,0,9.500000000000004,50,50,40,10,4.600000000000001,40,60,30,30,14.900000000000006,30,40,30,10,5.399999999999999,20,20,20,0,8.599999999999998,40,50,30,20,9.799999999999997,40,40,40,0,3.8000000000000007,50,60,40,20,16.799999999999997
48065,Texas,TX,Carson,within_state,partial,96.25,97.5,91.25,6.25,High,High,High,TRUE,95,95,90,5,97.5,100,92.5,7.5,100,100,100,0,7.900000000000002,90,90,80,10,4,90,90,80,10,14.700000000000003,100,100,100,0,2.5,100,100,100,0,7.899999999999999,90,100,80,20,9.599999999999998,100,100,100,0,2.8000000000000007,100,100,90,10,16
48067,Texas,TX,Cass,within_state,partial,38.75,41.25,36.25,5,Low,Low,Low,TRUE,30,32.5,30,2.5,47.5,50,42.5,7.5,50,50,50,0,9.100000000000001,10,10,10,0,4.900000000000002,20,30,20,10,14.399999999999999,40,40,40,0,4.399999999999999,10,10,10,0,8.799999999999997,40,50,30,20,9.800000000000004,70,70,70,0,3.299999999999999,70,70,60,10,15.899999999999999
48069,Texas,TX,Castro,within_state,partial,56.25,66.25,51.25,15,Moderate,Moderate,Moderate,TRUE,60,65,55,10,52.5,67.5,47.5,20,30,40,30,10,9.600000000000001,90,90,90,0,3.9999999999999982,60,70,40,30,15.300000000000004,60,60,60,0,4,80,90,80,10,8.600000000000001,60,80,50,30,9.800000000000004,30,40,30,10,3.799999999999999,40,60,30,30,17.400000000000002
48071,Texas,TX,Chambers,within_state,partial,78.75,86.25,75,11.25,Moderate,High,Moderate,FALSE,82.5,85,77.5,7.5,75,87.5,72.5,15,90,90,90,0,8.5,90,90,90,0,4,60,70,40,30,15.100000000000001,90,90,90,0,3.0999999999999996,80,90,80,10,8.5,80,100,80,20,9.599999999999998,80,90,80,10,3.3000000000000007,60,70,50,20,16.799999999999997
48073,Texas,TX,Cherokee,within_state,partial,38.75,47.5,40,7.5,Low,Low,Low,TRUE,32.5,40,35,5,45,55,45,10,40,50,50,0,9.2,20,30,20,10,4.699999999999999,40,50,40,10,14.300000000000004,30,30,30,0,4.600000000000001,30,40,30,10,8.5,50,60,50,10,9.500000000000004,40,50,40,10,3.5999999999999996,60,70,60,10,15.799999999999997
48075,Texas,TX,Childress,within_state,partial,36.25,45,35,10,Low,Low,Low,TRUE,35,42.5,35,7.5,37.5,47.5,35,12.5,40,50,40,10,9.799999999999997,30,30,30,0,4.600000000000001,20,40,20,20,15.199999999999996,50,50,50,0,4,30,40,30,10,8.899999999999999,40,50,40,10,9.700000000000003,50,50,40,10,3.5999999999999996,30,50,30,20,17.199999999999996
48077,Texas,TX,Clay,within_state,partial,96.25,96.25,92.5,3.75,High,High,High,TRUE,97.5,97.5,95,2.5,95,95,90,5,100,100,100,0,7.899999999999999,90,90,90,0,3.799999999999999,100,100,90,10,14.099999999999998,100,100,100,0,2.9000000000000004,90,90,90,0,8.399999999999999,90,90,80,10,9.600000000000001,100,100,100,0,2.8999999999999986,100,100,90,10,15.700000000000003
48079,Texas,TX,Cochran,within_state,partial,10,13.75,10,3.75,Low,Low,Low,TRUE,10,12.5,10,2.5,10,15,10,5,10,10,10,0,10.700000000000003,10,10,10,0,5,10,20,10,10,15.200000000000003,10,10,10,0,5.5,10,10,10,0,8.699999999999996,10,20,10,10,9.799999999999997,10,10,10,0,4.299999999999999,10,20,10,10,17.200000000000003
48081,Texas,TX,Coke,within_state,partial,47.5,53.75,42.5,11.25,Low,Moderate,Low,FALSE,40,47.5,37.5,10,55,60,47.5,12.5,40,40,40,0,9.699999999999996,10,20,10,10,5,40,60,30,30,15.199999999999996,70,70,70,0,3.8000000000000007,70,70,60,10,8.5,50,60,40,20,9.8,50,50,50,0,3.5,50,60,40,20,17.000000000000004
48083,Texas,TX,Coleman,within_state,partial,70,75,66.25,8.75,Moderate,Moderate,Moderate,TRUE,70,72.5,70,2.5,70,77.5,62.5,15,80,80,80,0,8.400000000000002,50,50,50,0,4.1,70,80,70,10,14.299999999999997,80,80,80,0,3.8000000000000007,60,70,50,20,8.8,70,80,60,20,9.7,80,80,80,0,3.0999999999999996,70,80,60,20,16
48085,Texas,TX,Collin,within_state,partial,98.75,95,98.75,3.75,High,High,High,TRUE,100,97.5,100,2.5,97.5,92.5,97.5,5,100,100,100,0,4.5,100,100,100,0,2.1000000000000005,100,90,100,10,7.5,100,100,100,0,2.200000000000001,100,100,100,0,6.800000000000001,90,70,90,20,7.799999999999997,100,100,100,0,2.299999999999999,100,100,100,0,7.399999999999999
48087,Texas,TX,Collingsworth,within_state,partial,42.5,47.5,36.25,11.25,Low,Low,Low,TRUE,40,45,37.5,7.5,45,50,35,15,40,50,40,10,9.7,40,40,40,0,4.5,50,60,40,20,15.200000000000003,30,30,30,0,4.5,30,40,30,10,8.600000000000001,40,50,30,20,9.899999999999999,50,50,40,10,3.6999999999999993,60,60,40,20,17.099999999999998
48089,Texas,TX,Colorado,within_state,partial,65,68.75,57.5,11.25,Moderate,Moderate,Moderate,TRUE,65,67.5,57.5,10,65,70,57.5,12.5,60,60,60,0,9.399999999999999,70,70,60,10,4.299999999999999,80,90,60,30,15,50,50,50,0,4.100000000000001,60,70,60,10,8.400000000000002,80,80,70,10,9.499999999999996,70,70,60,10,3.4000000000000004,50,60,40,20,17.200000000000003
48091,Texas,TX,Comal,within_state,partial,91.25,90,95,5,High,High,High,TRUE,100,100,100,0,82.5,80,90,10,100,100,100,0,7,100,100,100,0,3.4000000000000004,100,100,100,0,10.900000000000002,100,100,100,0,2.9000000000000004,100,100,100,0,7.699999999999996,70,80,80,0,9,100,100,100,0,2.700000000000001,60,40,80,40,12.200000000000003
48093,Texas,TX,Comanche,within_state,partial,66.25,71.25,60,11.25,Moderate,Moderate,Moderate,TRUE,65,67.5,62.5,5,67.5,75,57.5,17.5,60,60,60,0,9.3,60,60,60,0,4.4,60,70,50,20,15,80,80,80,0,3.599999999999998,70,80,60,20,8.600000000000001,70,80,60,20,9.8,70,70,60,10,3.3999999999999986,60,70,50,20,17.000000000000004
48095,Texas,TX,Concho,within_state,partial,37.5,20,61.25,41.25,Low,Low,Moderate,FALSE,25,20,45,25,50,20,77.5,57.5,30,20,40,20,5.4999999999999964,10,10,20,10,2.900000000000002,20,10,70,60,8,40,40,50,10,2.8000000000000007,60,30,80,50,4.299999999999997,50,10,100,90,4.799999999999997,30,20,40,20,2.200000000000001,60,20,90,70,8.799999999999997
48097,Texas,TX,Cooke,within_state,partial,77.5,83.75,73.75,10,Moderate,High,Moderate,FALSE,77.5,85,75,10,77.5,82.5,72.5,10,80,90,80,10,8.899999999999999,70,80,70,10,4.4,70,80,60,20,15,90,90,90,0,3.3999999999999986,60,70,60,10,8.3,80,80,70,10,9.499999999999996,90,90,90,0,3.3000000000000007,80,90,70,20,16.500000000000004
48099,Texas,TX,Coryell,within_state,partial,53.75,52.5,53.75,1.25,Moderate,Moderate,Moderate,TRUE,40,42.5,42.5,0,67.5,62.5,65,2.5,40,40,40,0,9.099999999999998,30,30,30,0,4.699999999999999,10,20,20,0,13.300000000000004,80,80,80,0,3.4000000000000004,30,30,30,0,8.2,100,100,100,0,8.699999999999996,60,60,60,0,3.3000000000000007,80,60,70,10,14.2
48101,Texas,TX,Cottle,within_state,partial,22.5,30,17.5,12.5,Low,Low,Low,TRUE,17.5,25,17.5,7.5,27.5,35,17.5,17.5,20,30,20,10,11.2,10,10,10,0,5.699999999999999,10,30,10,20,16.700000000000003,30,30,30,0,4.399999999999999,20,20,10,10,8.8,40,50,30,20,9.800000000000004,30,30,20,10,4.200000000000001,20,40,10,30,18.900000000000006
48103,Texas,TX,Crane,within_state,partial,51.25,28.75,67.5,38.75,Moderate,Low,Moderate,FALSE,45,27.5,55,27.5,57.5,30,80,50,20,20,30,10,5.700000000000003,70,50,70,20,2.599999999999998,60,20,90,70,8.100000000000001,30,20,30,10,2.8000000000000007,90,70,100,30,4.199999999999999,70,20,100,80,4.899999999999999,30,20,40,20,2.200000000000001,40,10,80,70,9.200000000000003
48105,Texas,TX,Crockett,within_state,partial,66.25,71.25,61.25,10,Moderate,Moderate,Moderate,TRUE,62.5,67.5,60,7.5,70,75,62.5,12.5,50,50,50,0,9.799999999999997,90,90,90,0,3.799999999999999,70,90,60,30,15.399999999999999,40,40,40,0,4.300000000000001,90,100,90,10,8.2,80,80,70,10,9.599999999999998,40,40,40,0,3.8000000000000007,70,80,50,30,17.299999999999997
48107,Texas,TX,Crosby,within_state,partial,30,35,26.25,8.75,Low,Low,Low,TRUE,27.5,30,22.5,7.5,32.5,40,30,10,20,20,20,0,10.100000000000001,30,30,20,10,4.699999999999999,40,50,30,20,14.600000000000001,20,20,20,0,4.800000000000001,40,50,40,10,8.7,40,50,30,20,9.800000000000004,20,20,20,0,3.8000000000000007,30,40,30,10,16.5
48109,Texas,TX,Culberson,within_state,partial,22.5,18.75,40,21.25,Low,Low,Low,TRUE,30,17.5,50,32.5,15,20,30,10,10,10,20,10,4.899999999999999,60,40,70,30,2.299999999999997,30,10,90,80,6.899999999999999,20,10,20,10,3,30,40,30,10,8.900000000000002,10,20,10,10,10,10,10,20,10,2.200000000000001,10,10,60,50,7.600000000000001
48111,Texas,TX,Dallam,within_state,partial,36.25,45,28.75,16.25,Low,Low,Low,TRUE,40,45,35,10,32.5,45,22.5,22.5,40,40,30,10,9.899999999999999,50,60,50,10,4.5,40,50,30,20,15.200000000000003,30,30,30,0,4.600000000000001,30,40,20,20,9.399999999999999,20,40,10,30,10.300000000000004,30,40,30,10,3.9000000000000004,50,60,30,30,17.2
48113,Texas,TX,Dallas,within_state,partial,80,61.25,86.25,25,High,Moderate,High,FALSE,85,75,87.5,12.5,75,47.5,85,37.5,70,60,80,20,5.600000000000001,100,100,100,0,3.0999999999999996,100,70,100,30,7,70,70,70,0,3.3999999999999986,60,40,80,40,5.200000000000003,90,30,100,70,6.100000000000001,50,50,60,10,3,100,70,100,30,7.5
48115,Texas,TX,Dawson,within_state,partial,20,26.25,15,11.25,Low,Low,Low,TRUE,22.5,27.5,17.5,10,17.5,25,12.5,12.5,20,20,20,0,10.299999999999997,30,30,20,10,4.599999999999998,30,40,20,20,15.100000000000001,10,20,10,10,4.900000000000002,10,20,10,10,8.799999999999997,20,30,20,10,9.7,20,20,10,10,4.199999999999999,20,30,10,20,17.4
48117,Texas,TX,Deaf Smith,within_state,partial,17.5,22.5,16.25,6.25,Low,Low,Low,TRUE,10,15,10,5,25,30,22.5,7.5,10,10,10,0,11.199999999999996,10,10,10,0,5.199999999999999,10,30,10,20,15.600000000000001,10,10,10,0,5.5,60,60,50,10,8.600000000000001,20,30,20,10,9.899999999999999,10,10,10,0,4.5,10,20,10,10,17.799999999999997
48119,Texas,TX,Delta,within_state,partial,86.25,86.25,78.75,7.5,High,High,Moderate,FALSE,90,90,85,5,82.5,82.5,72.5,10,100,100,90,10,7.900000000000002,90,90,90,0,3.9000000000000004,90,90,80,10,14.5,80,80,80,0,3.6000000000000014,70,70,60,10,8.2,80,80,60,20,9.599999999999998,90,90,90,0,3.0999999999999996,90,90,80,10,16.400000000000002
48121,Texas,TX,Denton,within_state,partial,93.75,90,97.5,7.5,High,High,High,TRUE,100,97.5,100,2.5,87.5,82.5,95,12.5,100,100,100,0,5.700000000000003,100,100,100,0,2.700000000000001,100,90,100,10,8.899999999999999,100,100,100,0,2.5,100,100,100,0,6.599999999999998,50,30,80,50,7.699999999999996,100,100,100,0,2.5999999999999996,100,100,100,0,9.099999999999998
48123,Texas,TX,DeWitt,within_state,partial,45,48.75,42.5,6.25,Low,Low,Low,TRUE,52.5,55,47.5,7.5,37.5,42.5,37.5,5,60,60,50,10,9.2,60,60,60,0,4.200000000000001,60,70,50,20,14.799999999999997,30,30,30,0,4.800000000000001,40,40,40,0,8.600000000000001,30,30,30,0,9.399999999999999,50,50,50,0,3.5,30,50,30,20,17
48125,Texas,TX,Dickens,within_state,partial,66.25,71.25,58.75,12.5,Moderate,Moderate,Moderate,TRUE,67.5,72.5,62.5,10,65,70,55,15,70,70,60,10,9.100000000000001,50,60,50,10,4.200000000000001,80,90,70,20,15.100000000000001,70,70,70,0,3.6999999999999993,60,60,50,10,8.399999999999999,50,60,40,20,9.599999999999998,70,70,60,10,3.3999999999999986,80,90,70,20,17.1
48127,Texas,TX,Dimmit,within_state,partial,10,10,10,0,Low,Low,Low,TRUE,10,10,10,0,10,10,10,0,10,10,10,0,11,10,10,10,0,5.300000000000001,10,10,10,0,14.699999999999996,10,10,10,0,6.100000000000001,10,10,10,0,8.5,10,10,10,0,9.600000000000001,10,10,10,0,5,10,10,10,0,16.800000000000004
48129,Texas,TX,Donley,within_state,partial,72.5,63.75,73.75,10,Moderate,Moderate,Moderate,TRUE,70,72.5,65,7.5,75,55,82.5,27.5,80,80,70,10,8.899999999999999,50,50,50,0,4.500000000000002,70,80,60,20,15,80,80,80,0,3.400000000000002,60,30,80,50,4.299999999999997,80,20,100,80,4.800000000000004,80,80,80,0,3.299999999999999,80,90,70,20,16.8
48131,Texas,TX,Duval,within_state,partial,20,28.75,17.5,11.25,Low,Low,Low,TRUE,22.5,30,20,10,17.5,27.5,15,12.5,10,10,10,0,11.699999999999996,50,60,50,10,4.800000000000001,20,40,10,30,16.200000000000003,10,10,10,0,5.5000000000000036,30,40,30,10,8.899999999999999,10,20,10,10,10.200000000000003,10,10,10,0,4.600000000000001,20,40,10,30,18.5
48133,Texas,TX,Eastland,within_state,partial,55,62.5,52.5,10,Moderate,Moderate,Moderate,TRUE,52.5,60,47.5,12.5,57.5,65,57.5,7.5,60,70,60,10,9.299999999999997,30,30,20,10,4.699999999999999,50,70,40,30,15.099999999999994,70,70,70,0,3.8999999999999986,30,40,40,0,8.400000000000002,40,40,40,0,9.400000000000002,80,90,80,10,3.3000000000000007,80,90,70,20,16.6
48135,Texas,TX,Ector,within_state,partial,55,57.5,51.25,6.25,Moderate,Moderate,Moderate,TRUE,60,60,55,5,50,55,47.5,7.5,30,30,30,0,9.800000000000004,80,80,80,0,4,90,90,80,10,14.000000000000004,40,40,30,10,4.5,70,70,60,10,8.2,60,60,60,0,9.3,30,40,30,10,3.8000000000000007,40,50,40,10,16.1
48137,Texas,TX,Edwards,within_state,partial,21.25,21.25,27.5,6.25,Low,Low,Low,TRUE,20,22.5,15,7.5,22.5,20,40,20,10,10,10,0,10.299999999999997,20,20,20,0,4.700000000000003,40,50,20,30,15.399999999999999,10,10,10,0,5.299999999999997,40,30,60,30,5.700000000000003,20,10,80,70,6.199999999999999,10,10,10,0,4.199999999999999,20,30,10,20,17.699999999999996
48139,Texas,TX,Ellis,within_state,partial,76.25,76.25,73.75,2.5,Moderate,Moderate,Moderate,TRUE,70,70,67.5,2.5,82.5,82.5,80,2.5,90,90,80,10,8.200000000000003,90,90,90,0,3.799999999999999,30,30,30,0,13.200000000000003,70,70,70,0,3.6999999999999993,70,80,70,10,8,90,90,80,10,9.299999999999997,90,90,90,0,3.0999999999999996,80,70,80,10,14.399999999999999
48141,Texas,TX,El Paso,within_state,partial,57.5,37.5,65,27.5,Moderate,Low,Moderate,FALSE,57.5,45,62.5,17.5,57.5,30,67.5,37.5,40,30,50,20,7.100000000000001,90,90,90,0,3.5,80,40,90,50,8.699999999999996,20,20,20,0,4.5,50,30,60,30,5.800000000000001,100,50,100,50,6.600000000000001,20,20,20,0,3.6999999999999993,60,20,90,70,9.5
48143,Texas,TX,Erath,within_state,partial,62.5,63.75,60,3.75,Moderate,Moderate,Moderate,TRUE,60,60,55,5,65,67.5,65,2.5,70,70,60,10,9,50,50,50,0,4.400000000000002,40,40,30,10,14,80,80,80,0,3.6999999999999993,80,80,80,0,8.099999999999998,50,60,60,0,9.400000000000002,80,80,70,10,3.200000000000001,50,50,50,0,15.599999999999994
48145,Texas,TX,Falls,within_state,partial,25,28.75,23.75,5,Low,Low,Low,TRUE,22.5,25,22.5,2.5,27.5,32.5,25,7.5,30,30,30,0,9.700000000000003,20,20,20,0,4.799999999999997,20,30,20,10,14.600000000000001,20,20,20,0,4.599999999999998,10,10,10,0,9.100000000000001,50,70,40,30,10,30,30,30,0,3.8000000000000007,20,20,20,0,16.800000000000004
48147,Texas,TX,Fannin,within_state,partial,70,77.5,65,12.5,Moderate,Moderate,Moderate,TRUE,67.5,72.5,65,7.5,72.5,82.5,65,17.5,80,80,80,0,8.8,60,70,60,10,4.499999999999998,60,70,50,20,15.099999999999998,70,70,70,0,3.8000000000000007,50,60,40,20,8.599999999999998,80,90,70,20,9.600000000000001,90,90,80,10,3.3000000000000007,70,90,70,20,16.900000000000002
48149,Texas,TX,Fayette,within_state,partial,83.75,83.75,77.5,6.25,High,High,Moderate,FALSE,85,85,82.5,2.5,82.5,82.5,72.5,10,90,90,90,0,8.200000000000003,70,70,70,0,4.100000000000001,90,90,80,10,14.200000000000003,90,90,90,0,3.1999999999999993,80,80,70,10,8.599999999999998,70,70,50,20,9.600000000000001,90,90,90,0,3,90,90,80,10,15.699999999999996
48151,Texas,TX,Fisher,within_state,partial,75,55,83.75,28.75,Moderate,Moderate,High,FALSE,70,45,82.5,37.5,80,65,85,20,60,50,80,30,4.5,60,40,70,30,2.3000000000000007,80,20,100,80,7.100000000000001,80,70,80,10,2.099999999999998,90,90,80,10,8.2,80,90,70,20,9.700000000000003,70,50,90,40,1.8000000000000007,80,30,100,70,7.900000000000006
48153,Texas,TX,Floyd,within_state,partial,35,33.75,33.75,0,Low,Low,Low,TRUE,27.5,22.5,27.5,5,42.5,45,40,5,10,10,10,0,9.100000000000001,30,20,30,10,4.100000000000001,50,40,50,10,13.299999999999997,20,20,20,0,5.100000000000001,80,80,70,10,8.500000000000004,40,50,30,20,9.899999999999999,20,20,20,0,3.5999999999999996,30,30,40,10,15.199999999999996
48155,Texas,TX,Foard,within_state,partial,31.25,25,47.5,22.5,Low,Low,Low,TRUE,27.5,20,50,30,35,30,45,15,30,30,50,20,5.200000000000003,10,10,20,10,2.900000000000002,30,10,90,80,7.899999999999999,40,30,40,10,2.6999999999999993,20,30,20,10,8.699999999999996,40,50,30,20,9.799999999999997,40,30,50,20,2.0999999999999996,40,10,80,70,9
48157,Texas,TX,Fort Bend,within_state,partial,91.25,91.25,91.25,0,High,High,High,TRUE,97.5,95,97.5,2.5,85,87.5,85,2.5,100,100,100,0,7.300000000000001,100,100,100,0,2.9000000000000004,90,80,90,10,12.299999999999997,100,100,100,0,3,90,90,90,0,7.800000000000004,70,70,70,0,8.899999999999999,80,90,80,10,3.200000000000001,100,100,100,0,12.8
48159,Texas,TX,Franklin,within_state,partial,98.75,98.75,95,3.75,High,High,High,TRUE,97.5,97.5,95,2.5,100,100,95,5,100,100,100,0,7.799999999999997,100,100,100,0,3.5999999999999996,100,100,90,10,14.499999999999996,90,90,90,0,3.200000000000001,100,100,100,0,7.800000000000001,100,100,90,10,9.100000000000001,100,100,100,0,2.8000000000000007,100,100,90,10,16.1
48161,Texas,TX,Freestone,within_state,partial,52.5,58.75,47.5,11.25,Moderate,Moderate,Low,FALSE,50,50,42.5,7.5,55,67.5,52.5,15,60,60,50,10,9.3,30,30,30,0,4.600000000000001,50,50,30,20,14.900000000000006,60,60,60,0,3.8999999999999986,40,50,40,10,8.3,70,90,70,20,9.399999999999999,50,60,50,10,3.5,60,70,50,20,16.799999999999997
48163,Texas,TX,Frio,within_state,partial,17.5,25,16.25,8.75,Low,Low,Low,TRUE,15,20,15,5,20,30,17.5,12.5,10,10,10,0,10.599999999999994,30,30,30,0,4.600000000000001,10,30,10,20,15.300000000000004,10,10,10,0,5.599999999999998,30,40,30,10,8.899999999999999,10,30,10,20,9.900000000000002,10,10,10,0,4.300000000000001,30,40,20,20,17.199999999999996
48165,Texas,TX,Gaines,within_state,partial,45,50,42.5,7.5,Low,Moderate,Low,FALSE,47.5,50,45,5,42.5,50,40,10,40,40,40,0,9.499999999999996,50,50,50,0,4.4,70,80,60,20,14.5,30,30,30,0,4.600000000000001,60,70,50,20,8.499999999999996,30,40,30,10,9.599999999999998,40,40,40,0,3.5,40,50,40,10,16.599999999999994
48167,Texas,TX,Galveston,within_state,partial,88.75,77.5,95,17.5,High,Moderate,High,FALSE,95,82.5,97.5,15,82.5,72.5,92.5,20,100,90,100,10,5.699999999999999,100,100,100,0,3.299999999999999,90,50,100,50,8.300000000000004,90,90,90,0,3,90,90,90,0,7.599999999999998,100,100,100,0,8.7,90,80,90,10,2.799999999999999,50,20,90,70,9
48169,Texas,TX,Garza,within_state,partial,27.5,33.75,28.75,5,Low,Low,Low,TRUE,27.5,32.5,30,2.5,27.5,35,27.5,7.5,20,20,20,0,10.100000000000001,20,30,30,0,4.600000000000001,30,40,30,10,15,40,40,40,0,4.699999999999999,40,40,40,0,8.400000000000002,20,30,20,10,9.400000000000002,20,20,20,0,3.8999999999999986,30,50,30,20,17.1
48171,Texas,TX,Gillespie,within_state,partial,97.5,97.5,93.75,3.75,High,High,High,TRUE,95,95,92.5,2.5,100,100,95,5,90,90,90,0,8.7,90,90,90,0,4.1,100,100,90,10,14.799999999999997,100,100,100,0,2.799999999999999,100,100,100,0,8.2,100,100,90,10,9.499999999999996,100,100,100,0,3,100,100,90,10,16.400000000000002
48173,Texas,TX,Glasscock,within_state,partial,92.5,83.75,97.5,13.75,High,High,High,TRUE,100,100,100,0,85,67.5,95,27.5,100,100,100,0,7.599999999999998,100,100,100,0,3.200000000000001,100,100,100,0,14.300000000000004,100,100,100,0,2.9000000000000004,90,70,100,30,4.199999999999999,60,10,100,90,4.800000000000004,90,90,90,0,3,100,100,90,10,16
48175,Texas,TX,Goliad,within_state,partial,70,75,63.75,11.25,Moderate,Moderate,Moderate,TRUE,70,72.5,65,7.5,70,77.5,62.5,15,70,70,70,0,9.199999999999996,80,80,80,0,4.299999999999999,80,90,60,30,15.399999999999999,50,50,50,0,4.199999999999999,80,80,70,10,8.399999999999999,80,90,70,20,9.699999999999996,60,60,60,0,3.5,60,80,50,30,17.500000000000004
48177,Texas,TX,Gonzales,within_state,partial,46.25,51.25,43.75,7.5,Low,Moderate,Low,FALSE,50,52.5,47.5,5,42.5,50,40,10,30,30,30,0,9.7,60,60,60,0,4.299999999999999,70,80,60,20,14.7,40,40,40,0,4.5,50,60,50,10,8.400000000000002,30,40,20,20,9.800000000000004,40,40,40,0,3.5999999999999996,50,60,50,10,16.700000000000003
48179,Texas,TX,Gray,within_state,partial,42.5,48.75,37.5,11.25,Low,Low,Low,TRUE,45,50,40,10,40,47.5,35,12.5,40,40,30,10,9.7,20,20,20,0,4.899999999999999,50,70,40,30,15,70,70,70,0,3.8000000000000007,30,40,30,10,8.5,40,50,30,20,9.699999999999996,50,50,50,0,3.700000000000001,40,50,30,20,17.200000000000003
48181,Texas,TX,Grayson,within_state,partial,71.25,72.5,70,2.5,Moderate,Moderate,Moderate,TRUE,57.5,57.5,57.5,0,85,87.5,82.5,5,80,80,80,0,8.400000000000002,40,40,40,0,4.399999999999999,20,20,20,0,13.800000000000004,90,90,90,0,3.400000000000002,80,90,80,10,8.3,100,100,90,10,9.2,80,80,80,0,3.0999999999999996,80,80,80,0,15.100000000000001
48183,Texas,TX,Gregg,within_state,partial,53.75,56.25,52.5,3.75,Moderate,Moderate,Moderate,TRUE,57.5,57.5,57.5,0,50,55,47.5,7.5,70,70,70,0,8.799999999999997,50,50,50,0,4.400000000000002,40,50,40,10,14.199999999999996,70,60,70,10,3.6000000000000014,20,30,20,10,8.700000000000003,80,80,70,10,9.499999999999996,50,60,50,10,3.5,50,50,50,0,15.899999999999999
48185,Texas,TX,Grimes,within_state,partial,40,55,30,25,Low,Moderate,Low,FALSE,42.5,57.5,30,27.5,37.5,52.5,30,22.5,50,60,40,20,11.100000000000001,30,40,30,10,5.399999999999999,40,80,10,70,18.199999999999996,50,50,40,10,4.199999999999999,20,30,20,10,8.800000000000004,50,60,50,10,9.500000000000004,50,60,40,20,4.299999999999999,30,60,10,50,20.700000000000003
48187,Texas,TX,Guadalupe,within_state,partial,85,77.5,83.75,6.25,High,Moderate,High,FALSE,90,85,90,5,80,70,77.5,7.5,90,90,90,0,7.099999999999998,100,100,100,0,3.0999999999999996,90,70,90,20,10.899999999999999,80,80,80,0,3.6000000000000014,80,80,80,0,7.599999999999998,100,100,90,10,8.699999999999996,80,70,70,0,3.1000000000000014,60,30,70,40,12.200000000000003
48189,Texas,TX,Hale,within_state,partial,25,30,25,5,Low,Low,Low,TRUE,22.5,25,22.5,2.5,27.5,35,27.5,7.5,20,20,20,0,9.900000000000002,30,30,30,0,4.5,20,30,20,10,14.600000000000001,20,20,20,0,4.899999999999999,40,50,40,10,8.8,30,50,30,20,10,20,20,20,0,3.900000000000002,20,20,20,0,16.700000000000003
48191,Texas,TX,Hall,within_state,partial,42.5,35,56.25,21.25,Low,Low,Moderate,FALSE,45,30,62.5,32.5,40,40,50,10,50,30,60,30,5.199999999999999,60,50,70,20,2.5999999999999996,30,10,80,70,8.199999999999996,40,30,40,10,2.799999999999997,40,50,40,10,8.8,50,70,40,30,9.899999999999999,40,30,50,20,2,30,10,70,60,9.300000000000004
48193,Texas,TX,Hamilton,within_state,partial,61.25,63.75,57.5,6.25,Moderate,Moderate,Moderate,TRUE,60,60,52.5,7.5,62.5,67.5,62.5,5,70,70,60,10,9,30,30,30,0,4.600000000000001,50,50,30,20,14.799999999999997,90,90,90,0,3.299999999999999,50,60,50,10,8.299999999999997,40,50,50,0,9.199999999999996,80,80,80,0,3.0999999999999996,80,80,70,10,16.400000000000002
48195,Texas,TX,Hansford,within_state,partial,73.75,50,91.25,41.25,Moderate,Moderate,High,FALSE,87.5,65,92.5,27.5,60,35,90,55,80,60,90,30,4.300000000000001,100,90,100,10,2,100,50,100,50,6.899999999999999,70,60,80,20,2.1999999999999993,50,30,80,50,4.399999999999999,30,10,90,80,5,70,60,90,30,1.799999999999999,90,40,100,60,7.800000000000004
48197,Texas,TX,Hardeman,within_state,partial,71.25,75,62.5,12.5,Moderate,Moderate,Moderate,TRUE,65,67.5,62.5,5,77.5,82.5,62.5,20,70,70,70,0,9.000000000000004,50,50,50,0,4.400000000000002,80,90,70,20,15,60,60,60,0,4,80,80,70,10,8.699999999999996,80,80,40,40,10.099999999999998,70,80,70,10,3.3000000000000007,80,90,70,20,16.799999999999997
48199,Texas,TX,Hardin,within_state,partial,61.25,62.5,63.75,1.25,Moderate,Moderate,Moderate,TRUE,65,67.5,70,2.5,57.5,57.5,57.5,0,90,90,90,0,8,40,50,50,0,4.399999999999999,40,40,50,10,12.899999999999999,90,90,90,0,3.200000000000001,50,50,50,0,7.899999999999999,10,20,10,10,9.2,90,90,90,0,2.9000000000000004,80,70,80,10,14.000000000000004
48201,Texas,TX,Harris,within_state,partial,62.5,47.5,75,27.5,Moderate,Low,Moderate,FALSE,55,47.5,70,22.5,70,47.5,80,32.5,60,50,70,20,6.100000000000001,80,80,80,0,3.5,30,10,80,70,7.5,50,50,50,0,4,60,50,80,30,6,90,40,100,60,6.699999999999999,30,30,40,10,3.200000000000001,100,70,100,30,8
48203,Texas,TX,Harrison,within_state,partial,61.25,62.5,56.25,6.25,Moderate,Moderate,Moderate,TRUE,65,65,60,5,57.5,60,52.5,7.5,80,80,70,10,8.899999999999999,60,60,60,0,4.299999999999999,70,70,60,10,14.299999999999997,50,50,50,0,4.199999999999999,30,40,30,10,8.300000000000004,90,90,80,10,9.100000000000001,60,60,60,0,3.5,50,50,40,10,16.199999999999996
48205,Texas,TX,Hartley,within_state,partial,95,81.25,95,13.75,High,High,High,TRUE,97.5,77.5,97.5,20,92.5,85,92.5,7.5,100,90,100,10,3.6999999999999993,100,90,100,10,1.9000000000000004,100,50,100,50,6.399999999999999,90,80,90,10,1.9000000000000004,90,100,90,10,8.299999999999997,90,100,80,20,9.5,90,80,100,20,1.5999999999999996,100,60,100,40,7.100000000000001
48207,Texas,TX,Haskell,within_state,partial,42.5,45,47.5,2.5,Low,Low,Low,TRUE,40,50,35,15,45,40,60,20,40,50,40,10,9.900000000000002,20,20,10,10,4.800000000000001,60,80,50,30,15.299999999999997,40,50,40,10,4.199999999999999,40,20,60,40,4.9999999999999964,40,10,90,80,5.399999999999999,50,60,50,10,3.5,50,70,40,30,17.400000000000002
48209,Texas,TX,Hays,within_state,partial,81.25,81.25,86.25,5,High,High,High,TRUE,90,90,90,0,72.5,72.5,82.5,10,90,90,90,0,7.5,90,90,90,0,3.5999999999999996,100,100,100,0,11.200000000000003,80,80,80,0,3.1000000000000014,80,80,90,10,7.399999999999999,30,30,60,30,8.399999999999999,80,90,80,10,3.200000000000001,100,90,100,10,12.300000000000004
48211,Texas,TX,Hemphill,within_state,partial,86.25,88.75,80,8.75,High,High,High,TRUE,80,82.5,72.5,10,92.5,95,87.5,7.5,80,90,80,10,8.8,70,70,60,10,4.299999999999999,90,90,70,20,14.700000000000003,80,80,80,0,3.5000000000000018,100,100,100,0,8.2,90,100,80,20,9.499999999999996,90,90,90,0,3.1999999999999993,90,90,80,10,16.5
48213,Texas,TX,Henderson,within_state,partial,65,71.25,62.5,8.75,Moderate,Moderate,Moderate,TRUE,67.5,72.5,65,7.5,62.5,70,60,10,80,80,80,0,8.8,50,60,50,10,4.5,80,90,70,20,14.5,60,60,60,0,4,40,50,40,10,8.5,50,60,50,10,9.499999999999996,80,80,80,0,3.1999999999999993,80,90,70,20,16.300000000000004
48215,Texas,TX,Hidalgo,within_state,partial,22.5,17.5,31.25,13.75,Low,Low,Low,TRUE,27.5,22.5,40,17.5,17.5,12.5,22.5,10,10,10,10,0,7.600000000000001,60,60,60,0,4,30,10,80,70,8.800000000000004,10,10,10,0,5.100000000000001,40,20,50,30,6.200000000000003,10,10,20,10,6.699999999999999,10,10,10,0,3.8999999999999986,10,10,10,0,9.799999999999997
48217,Texas,TX,Hill,within_state,partial,56.25,58.75,53.75,5,Moderate,Moderate,Moderate,TRUE,45,47.5,42.5,5,67.5,70,65,5,70,70,60,10,8.7,40,40,40,0,4.399999999999999,10,20,10,10,14.399999999999999,60,60,60,0,3.8999999999999986,60,70,60,10,8.3,70,70,60,10,9.399999999999999,60,60,60,0,3.3000000000000007,80,80,80,0,15.600000000000001
48219,Texas,TX,Hockley,within_state,partial,45,50,43.75,6.25,Low,Moderate,Low,FALSE,42.5,47.5,42.5,5,47.5,52.5,45,7.5,40,40,40,0,9.599999999999998,80,80,80,0,4.1,20,30,20,10,15,30,40,30,10,4.600000000000001,60,60,60,0,8.3,60,70,60,10,9.600000000000001,40,40,40,0,3.700000000000001,30,40,20,20,16.9
48221,Texas,TX,Hood,within_state,partial,98.75,98.75,97.5,1.25,High,High,High,TRUE,97.5,97.5,97.5,0,100,100,97.5,2.5,100,100,100,0,6.5,100,100,100,0,3.3000000000000007,100,100,100,0,10.600000000000001,90,90,90,0,3,100,100,100,0,7.4999999999999964,100,100,90,10,9.199999999999996,100,100,100,0,2.5999999999999996,100,100,100,0,11.299999999999997
48223,Texas,TX,Hopkins,within_state,partial,73.75,80,63.75,16.25,Moderate,High,Moderate,FALSE,75,80,65,15,72.5,80,62.5,17.5,80,90,80,10,9.5,60,60,50,10,4.800000000000001,80,90,60,30,15.600000000000001,80,80,70,10,3.8999999999999986,50,60,50,10,8.400000000000002,80,80,60,20,9.7,80,90,80,10,3.5,80,90,60,30,17.6
48225,Texas,TX,Houston,within_state,partial,36.25,40,33.75,6.25,Low,Low,Low,TRUE,30,32.5,27.5,5,42.5,47.5,40,7.5,50,50,40,10,9.3,20,20,20,0,4.699999999999999,10,20,10,10,14.600000000000001,40,40,40,0,4.399999999999999,10,10,10,0,9.200000000000003,80,90,70,20,9.600000000000001,40,40,40,0,3.5999999999999996,40,50,40,10,16.299999999999997
48227,Texas,TX,Howard,within_state,partial,45,47.5,42.5,5,Low,Low,Low,TRUE,57.5,57.5,55,2.5,32.5,37.5,30,7.5,50,50,50,0,9.199999999999996,60,60,60,0,4.199999999999999,70,70,60,10,14.199999999999996,50,50,50,0,4.199999999999999,40,50,40,10,8.600000000000001,20,30,20,10,9.699999999999996,40,40,40,0,3.5999999999999996,30,30,20,10,16.299999999999997
48229,Texas,TX,Hudspeth,within_state,partial,11.25,13.75,12.5,1.25,Low,Low,Low,TRUE,12.5,15,12.5,2.5,10,12.5,12.5,0,10,10,10,0,10.5,10,10,10,0,5,20,30,20,10,14.400000000000006,10,10,10,0,5.899999999999999,10,10,10,0,9.399999999999999,10,10,10,0,10.300000000000004,10,10,10,0,4.5,10,20,20,0,16.299999999999997
48231,Texas,TX,Hunt,within_state,partial,53.75,56.25,53.75,2.5,Moderate,Moderate,Moderate,TRUE,65,65,62.5,2.5,42.5,47.5,45,2.5,70,70,60,10,8.799999999999997,50,50,50,0,4.4,70,70,70,0,13.5,70,70,70,0,3.799999999999997,50,60,50,10,8.600000000000001,20,30,20,10,9.399999999999999,80,80,80,0,3.0999999999999996,20,20,30,10,15.200000000000003
48233,Texas,TX,Hutchinson,within_state,partial,81.25,86.25,72.5,13.75,High,High,Moderate,FALSE,85,87.5,77.5,10,77.5,85,67.5,17.5,90,90,80,10,8.899999999999999,90,90,80,10,4.199999999999999,80,90,70,20,15.299999999999997,80,80,80,0,3.6999999999999993,80,80,70,10,8.300000000000004,70,80,60,20,9.700000000000003,80,90,80,10,3.3000000000000007,80,90,60,30,17.200000000000003
48235,Texas,TX,Irion,within_state,partial,88.75,77.5,87.5,10,High,Moderate,High,FALSE,92.5,77.5,95,17.5,85,77.5,80,2.5,90,90,100,10,5,90,80,90,10,2.5,90,40,90,50,8.700000000000003,100,100,100,0,2,80,80,70,10,8.7,80,80,50,30,9.800000000000004,90,80,100,20,1.8999999999999986,90,70,100,30,9.600000000000001
48237,Texas,TX,Jack,within_state,partial,56.25,60,51.25,8.75,Moderate,Moderate,Moderate,TRUE,60,62.5,55,7.5,52.5,57.5,47.5,10,70,70,60,10,9.100000000000001,40,40,40,0,4.5,70,80,60,20,14.8,60,60,60,0,3.900000000000002,30,30,30,0,8.600000000000001,40,40,30,10,9.699999999999996,70,80,70,10,3.3000000000000007,70,80,60,20,16.6
48239,Texas,TX,Jackson,within_state,partial,51.25,55,42.5,12.5,Moderate,Moderate,Low,FALSE,47.5,50,40,10,55,60,45,15,50,50,40,10,9.400000000000002,40,50,40,10,4.4,50,50,30,20,15,50,50,50,0,3.8000000000000007,70,70,60,10,8.399999999999999,50,60,30,30,9.8,50,50,50,0,3.5,50,60,40,20,16.9
48241,Texas,TX,Jasper,within_state,partial,26.25,28.75,22.5,6.25,Low,Low,Low,TRUE,22.5,25,20,5,30,32.5,25,7.5,40,40,30,10,9.899999999999999,10,10,10,0,5.400000000000002,10,20,10,10,15,30,30,30,0,4.800000000000001,10,10,10,0,9,20,30,10,20,9.8,50,50,50,0,3.5999999999999996,40,40,30,10,16.699999999999996
48243,Texas,TX,Jeff Davis,within_state,partial,45,48.75,55,6.25,Low,Low,Moderate,FALSE,50,60,50,10,40,37.5,60,22.5,50,60,50,10,9.8,40,50,50,0,4.299999999999999,60,80,50,30,15.3,50,50,50,0,4,40,20,70,50,4.200000000000003,30,10,90,80,4.799999999999997,40,50,40,10,3.799999999999999,50,70,40,30,17.4
48245,Texas,TX,Jefferson,within_state,partial,40,31.25,50,18.75,Low,Low,Moderate,FALSE,30,25,42.5,17.5,50,37.5,57.5,20,20,20,30,10,7.5,30,30,30,0,4.099999999999998,30,10,70,60,9.600000000000001,40,40,40,0,4.199999999999999,10,10,20,10,6.5,100,80,100,20,7.100000000000001,20,20,20,0,3.3999999999999986,70,40,90,50,10.100000000000001
48247,Texas,TX,Jim Hogg,within_state,partial,20,15,40,25,Low,Low,Low,TRUE,27.5,20,42.5,22.5,12.5,10,37.5,27.5,10,10,10,0,5.899999999999999,60,50,70,20,2.6000000000000014,30,10,80,70,8,10,10,10,0,3.6000000000000014,20,10,50,40,4.399999999999999,10,10,60,50,5,10,10,10,0,2.8000000000000007,10,10,30,20,9.199999999999996
48249,Texas,TX,Jim Wells,within_state,partial,28.75,32.5,23.75,8.75,Low,Low,Low,TRUE,30,32.5,25,7.5,27.5,32.5,22.5,10,20,20,10,10,10.5,70,70,70,0,4.199999999999999,20,30,10,20,15.100000000000001,10,10,10,0,5.400000000000002,60,60,50,10,8.5,20,30,10,20,9.900000000000002,10,10,10,0,4.200000000000001,20,30,20,10,17.1
48251,Texas,TX,Johnson,within_state,partial,60,55,68.75,13.75,Moderate,Moderate,Moderate,TRUE,52.5,47.5,62.5,15,67.5,62.5,75,12.5,40,40,50,10,7.399999999999999,50,50,50,0,4.200000000000001,30,10,60,50,9.899999999999999,90,90,90,0,3.0999999999999996,90,90,80,10,7.9999999999999964,80,70,80,10,8.899999999999999,80,80,80,0,3,20,10,60,50,10.700000000000003
48253,Texas,TX,Jones,within_state,partial,27.5,32.5,22.5,10,Low,Low,Low,TRUE,20,22.5,17.5,5,35,42.5,27.5,15,30,30,30,0,9.899999999999999,10,10,10,0,5.100000000000001,20,30,10,20,15.200000000000003,20,20,20,0,4.699999999999999,20,30,20,10,8.899999999999999,60,70,50,20,9.600000000000001,40,40,30,10,3.799999999999999,20,30,10,20,17.299999999999997
48255,Texas,TX,Karnes,within_state,partial,32.5,36.25,27.5,8.75,Low,Low,Low,TRUE,37.5,40,35,5,27.5,32.5,20,12.5,30,30,30,0,10,60,60,60,0,4.300000000000001,40,50,30,20,15.299999999999997,20,20,20,0,4.800000000000001,20,20,20,0,8.600000000000001,20,30,10,20,9.7,30,30,20,10,3.900000000000002,40,50,30,20,17.5
48257,Texas,TX,Kaufman,within_state,partial,67.5,66.25,67.5,1.25,Moderate,Moderate,Moderate,TRUE,55,52.5,57.5,5,80,80,77.5,2.5,50,50,50,0,8.600000000000001,70,70,70,0,4.100000000000001,30,20,40,20,12.899999999999999,70,70,70,0,3.8000000000000007,70,80,70,10,8,100,100,90,10,9.199999999999996,70,70,70,0,3.299999999999999,80,70,80,10,14.000000000000004
48259,Texas,TX,Kendall,within_state,partial,100,100,97.5,2.5,High,High,High,TRUE,100,100,100,0,100,100,95,5,100,100,100,0,7.299999999999999,100,100,100,0,3,100,100,100,0,14,100,100,100,0,2.1999999999999993,100,100,100,0,7.699999999999999,100,100,80,20,9.400000000000002,100,100,100,0,3,100,100,100,0,15.5
48261,Texas,TX,Kenedy,within_state,partial,11.25,15,15,0,Low,Low,Low,TRUE,10,10,17.5,7.5,12.5,20,12.5,7.5,10,10,10,0,7.100000000000001,10,10,10,0,4.299999999999997,10,10,40,30,9.100000000000001,10,10,10,0,4.399999999999999,20,30,20,10,9,10,30,10,20,9.8,10,10,10,0,3.3999999999999986,10,10,10,0,10.300000000000004
48263,Texas,TX,Kent,within_state,partial,97.5,83.75,92.5,8.75,High,High,High,TRUE,95,95,90,5,100,72.5,95,22.5,100,100,90,10,8.100000000000001,90,90,90,0,3.900000000000002,90,90,80,10,14.599999999999998,100,100,100,0,2.9000000000000004,100,70,100,30,3.8000000000000007,100,20,100,80,4.299999999999997,100,100,90,10,3,100,100,90,10,16.1
48265,Texas,TX,Kerr,within_state,partial,77.5,80,75,5,Moderate,High,Moderate,FALSE,75,80,75,5,80,80,75,5,70,70,70,0,8.8,80,80,80,0,4,70,80,70,10,14.199999999999996,80,90,80,10,3.599999999999998,90,90,90,0,8.100000000000001,50,50,40,10,9.600000000000001,80,80,80,0,3.0999999999999996,100,100,90,10,15.299999999999997
48267,Texas,TX,Kimble,within_state,partial,65,61.25,68.75,7.5,Moderate,Moderate,Moderate,TRUE,60,67.5,57.5,10,70,55,80,25,50,60,50,10,9.299999999999997,40,50,40,10,4.4,80,90,70,20,14.599999999999998,70,70,70,0,3.6999999999999993,70,50,90,40,4.799999999999997,60,20,100,80,5.199999999999999,70,70,60,10,3.3999999999999986,80,80,70,10,16.5
48269,Texas,TX,King,within_state,partial,25,18.75,36.25,17.5,Low,Low,Low,TRUE,25,17.5,40,22.5,25,20,32.5,12.5,20,20,30,10,5.600000000000001,10,10,10,0,3.099999999999998,40,10,80,70,8.5,30,30,40,10,2.8000000000000007,10,20,10,10,8.899999999999999,20,30,10,20,10,30,20,40,20,2.200000000000001,40,10,70,60,9.700000000000003
48271,Texas,TX,Kinney,within_state,partial,42.5,43.75,50,6.25,Low,Low,Moderate,FALSE,55,60,50,10,30,27.5,50,22.5,40,40,40,0,9.799999999999997,90,90,90,0,3.9000000000000004,40,60,30,30,15.299999999999997,50,50,40,10,4.400000000000002,40,20,70,50,5.199999999999999,30,10,90,80,6,20,30,20,10,3.9000000000000004,30,50,20,30,17.5
48273,Texas,TX,Kleberg,within_state,partial,38.75,45,35,10,Low,Low,Low,TRUE,50,52.5,47.5,5,27.5,37.5,22.5,15,30,30,30,0,9.799999999999997,90,90,90,0,3.799999999999999,60,70,50,20,14.899999999999999,20,20,20,0,5,40,50,30,20,9.099999999999998,20,40,20,20,9.999999999999996,20,20,20,0,4,30,40,20,20,17.1
48275,Texas,TX,Knox,within_state,partial,50,40,57.5,17.5,Moderate,Low,Moderate,FALSE,50,37.5,62.5,25,50,42.5,52.5,10,50,40,60,20,6.5,60,50,70,20,3.1000000000000014,50,20,80,60,10.100000000000001,40,40,40,0,3.3999999999999986,50,50,40,10,8.400000000000002,50,60,50,10,9.599999999999998,50,40,50,10,2.6000000000000014,50,20,70,50,11.400000000000006
48277,Texas,TX,Lamar,within_state,partial,53.75,62.5,56.25,6.25,Moderate,Moderate,Moderate,TRUE,47.5,57.5,55,2.5,60,67.5,57.5,10,60,70,70,0,8.5,20,30,30,0,4.5,50,60,60,0,13.600000000000001,60,70,60,10,4.099999999999998,20,30,20,10,8.700000000000003,80,90,70,20,9.699999999999996,70,70,70,0,3.200000000000001,70,80,70,10,15.300000000000004
48279,Texas,TX,Lamb,within_state,partial,31.25,33.75,26.25,7.5,Low,Low,Low,TRUE,35,32.5,30,2.5,27.5,35,22.5,12.5,20,20,20,0,10.000000000000004,40,30,40,10,4.5,60,60,40,20,14.899999999999999,20,20,20,0,5.100000000000001,40,50,30,20,8.799999999999997,30,40,20,20,9.899999999999999,20,20,20,0,3.9000000000000004,20,30,20,10,17
48281,Texas,TX,Lampasas,within_state,partial,70,72.5,68.75,3.75,Moderate,Moderate,Moderate,TRUE,57.5,60,57.5,2.5,82.5,85,80,5,80,80,70,10,8.7,50,50,50,0,4.5,20,30,30,0,14,80,80,80,0,3.5999999999999996,80,90,80,10,8.3,100,100,90,10,9.2,80,80,80,0,3.1999999999999993,70,70,70,0,15
48283,Texas,TX,La Salle,within_state,partial,21.25,21.25,35,13.75,Low,Low,Low,TRUE,17.5,12.5,37.5,25,25,30,32.5,2.5,10,10,10,0,5.100000000000001,30,20,50,30,2.5,20,10,80,70,6.5,10,10,10,0,3.5,50,60,50,10,8.500000000000004,30,40,20,20,9.8,10,10,10,0,2.3000000000000007,10,10,50,40,7.399999999999999
48285,Texas,TX,Lavaca,within_state,partial,68.75,73.75,62.5,11.25,Moderate,Moderate,Moderate,TRUE,70,72.5,65,7.5,67.5,75,60,15,80,80,70,10,8.900000000000002,40,40,40,0,4.4,80,90,70,20,14.599999999999998,80,80,80,0,3.6000000000000014,60,60,50,10,8.600000000000001,50,60,40,20,9.7,80,90,80,10,3.200000000000001,80,90,70,20,16.6
48287,Texas,TX,Lee,within_state,partial,53.75,56.25,47.5,8.75,Moderate,Moderate,Low,FALSE,50,52.5,47.5,5,57.5,60,47.5,12.5,60,60,60,0,9.099999999999998,40,40,40,0,4.4,40,50,30,20,15,60,60,60,0,4,40,40,40,0,8.400000000000002,60,70,50,20,9.600000000000001,60,60,50,10,3.5,70,70,50,20,16.699999999999996
48289,Texas,TX,Leon,within_state,partial,52.5,51.25,51.25,0,Moderate,Moderate,Moderate,TRUE,45,47.5,42.5,5,60,55,60,5,50,50,50,0,9.3,10,10,10,0,4.799999999999997,70,80,60,20,14.699999999999996,50,50,50,0,4.199999999999999,40,30,40,10,7.4999999999999964,50,40,60,20,8.7,70,70,70,0,3.299999999999999,80,80,70,10,16.4
48291,Texas,TX,Liberty,within_state,partial,35,40,33.75,6.25,Low,Low,Low,TRUE,35,37.5,32.5,5,35,42.5,35,7.5,30,30,20,10,9.8,10,10,10,0,4.899999999999999,50,60,50,10,14.299999999999997,50,50,50,0,4.400000000000002,30,40,30,10,8.600000000000001,20,40,20,20,9.5,40,40,40,0,3.700000000000001,50,50,50,0,16
48293,Texas,TX,Limestone,within_state,partial,30,35,26.25,8.75,Low,Low,Low,TRUE,25,27.5,22.5,5,35,42.5,30,12.5,30,30,20,10,9.700000000000003,10,10,10,0,4.800000000000001,30,40,30,10,14.799999999999997,30,30,30,0,4.899999999999999,10,20,10,10,9,60,70,40,30,9.899999999999999,30,30,30,0,3.6000000000000014,40,50,40,10,16.7
48295,Texas,TX,Lipscomb,within_state,partial,72.5,57.5,82.5,25,Moderate,Moderate,High,FALSE,70,50,85,35,75,65,80,15,60,50,80,30,4.800000000000001,60,40,70,30,2.4000000000000004,80,30,100,70,7.699999999999996,80,80,90,10,2.200000000000001,90,90,90,0,8.299999999999997,80,90,70,20,9.700000000000003,60,50,70,20,2,70,30,90,60,8.600000000000001
48297,Texas,TX,Live Oak,within_state,partial,32.5,37.5,28.75,8.75,Low,Low,Low,TRUE,35,37.5,32.5,5,30,37.5,25,12.5,40,40,40,0,9.400000000000002,50,50,40,10,4.5,30,40,30,10,14.600000000000001,20,20,20,0,5.300000000000001,30,30,20,10,9.000000000000004,30,40,20,20,9.700000000000003,30,40,30,10,3.700000000000001,30,40,30,10,16.5
48299,Texas,TX,Llano,within_state,partial,86.25,88.75,85,3.75,High,High,High,TRUE,80,82.5,80,2.5,92.5,95,90,5,90,90,90,0,8.600000000000001,60,60,60,0,4.200000000000001,80,90,80,10,14.5,90,90,90,0,3.0999999999999996,100,100,100,0,7.699999999999999,100,100,100,0,9.100000000000001,100,100,100,0,2.9000000000000004,70,80,60,20,16.599999999999998
48301,Texas,TX,Loving,within_state,partial,98.75,100,97.5,2.5,High,High,High,TRUE,97.5,100,95,5,100,100,100,0,100,100,100,0,7.199999999999999,90,100,90,10,4,100,100,90,10,14,100,100,100,0,2.9000000000000004,100,100,100,0,7.100000000000001,100,100,100,0,8.399999999999999,100,100,100,0,2.8000000000000007,100,100,100,0,15.200000000000003
48303,Texas,TX,Lubbock,within_state,partial,68.75,55,73.75,18.75,Moderate,Moderate,Moderate,TRUE,77.5,67.5,80,12.5,60,42.5,67.5,25,70,60,80,20,6.400000000000002,80,80,80,0,3.6999999999999993,100,70,100,30,8.400000000000002,60,60,60,0,3.5,70,50,80,30,6.300000000000004,10,10,20,10,7.199999999999999,70,60,70,10,3,90,50,100,50,8.900000000000002
48305,Texas,TX,Lynn,within_state,partial,31.25,36.25,28.75,7.5,Low,Low,Low,TRUE,32.5,35,30,5,30,37.5,27.5,10,20,30,20,10,9.7,30,30,30,0,4.5,60,60,50,10,14.5,20,20,20,0,4.600000000000001,50,50,40,10,8.599999999999998,10,20,10,10,9.699999999999996,20,30,20,10,3.799999999999999,40,50,40,10,16.6
48307,Texas,TX,McCulloch,within_state,partial,48.75,46.25,56.25,10,Low,Low,Moderate,FALSE,42.5,47.5,37.5,10,55,45,75,30,40,40,30,10,9.8,20,20,20,0,4.600000000000001,50,60,40,20,15,60,70,60,10,3.8999999999999986,50,30,90,60,4.199999999999999,50,20,100,80,5.199999999999996,60,60,60,0,3.299999999999999,60,70,50,20,16.9
48309,Texas,TX,McLennan,within_state,partial,53.75,51.25,57.5,6.25,Moderate,Moderate,Moderate,TRUE,55,52.5,55,2.5,52.5,50,60,10,70,70,70,0,8.600000000000001,40,40,40,0,4.400000000000002,50,40,50,10,13.399999999999999,60,60,60,0,3.8999999999999986,50,50,60,10,7.600000000000001,50,40,70,30,8.599999999999998,50,50,50,0,3.6000000000000014,60,60,60,0,14.7
48311,Texas,TX,McMullen,within_state,partial,26.25,31.25,22.5,8.75,Low,Low,Low,TRUE,22.5,25,22.5,2.5,30,37.5,22.5,15,20,20,20,0,9.900000000000002,20,20,20,0,4.599999999999998,20,30,20,10,14.699999999999996,30,30,30,0,4.599999999999998,40,50,30,20,8.800000000000004,40,60,30,30,9.8,20,20,20,0,3.900000000000002,20,20,10,10,16.799999999999997
48313,Texas,TX,Madison,within_state,partial,42.5,48.75,38.75,10,Low,Low,Low,TRUE,40,47.5,37.5,10,45,50,40,10,50,60,50,10,9.399999999999999,40,40,30,10,4.600000000000001,30,50,30,20,15.100000000000001,40,40,40,0,4.5,30,30,20,10,8.999999999999996,60,70,50,20,9.700000000000003,50,50,50,0,3.5,40,50,40,10,17.099999999999998
48315,Texas,TX,Marion,within_state,partial,41.25,30,56.25,26.25,Low,Low,Moderate,FALSE,42.5,25,60,35,40,35,52.5,17.5,60,40,70,30,4.5,20,10,30,20,2.6999999999999993,40,10,90,80,6.600000000000001,50,40,50,10,2.799999999999997,10,10,10,0,9,60,80,50,30,9.8,60,40,70,30,1.8000000000000007,30,10,80,70,7.5
48317,Texas,TX,Martin,within_state,partial,61.25,67.5,57.5,10,Moderate,Moderate,Moderate,TRUE,57.5,65,55,10,65,70,60,10,40,50,40,10,9.599999999999998,60,60,60,0,4.399999999999999,70,80,50,30,15,60,70,70,0,3.6999999999999993,90,90,80,10,8.100000000000001,60,70,60,10,9.5,50,50,50,0,3.5999999999999996,60,70,50,20,17
48319,Texas,TX,Mason,within_state,partial,92.5,93.75,88.75,5,High,High,High,TRUE,87.5,90,87.5,2.5,97.5,97.5,90,7.5,90,90,90,0,8.3,80,80,80,0,3.8999999999999986,90,100,90,10,14.299999999999997,90,90,90,0,3.1999999999999993,100,100,100,0,8.699999999999996,100,100,80,20,9.8,100,100,100,0,3,90,90,80,10,16.200000000000003
48321,Texas,TX,Matagorda,within_state,partial,28.75,40,21.25,18.75,Low,Low,Low,TRUE,22.5,25,22.5,2.5,35,55,20,35,20,20,20,0,10.099999999999998,20,20,20,0,4.800000000000001,20,30,20,10,15.200000000000003,30,30,30,0,3.8999999999999986,40,60,30,30,10.299999999999997,50,90,10,80,11.600000000000001,20,30,20,10,4,30,40,20,20,17.1
48323,Texas,TX,Maverick,within_state,partial,20,23.75,17.5,6.25,Low,Low,Low,TRUE,22.5,27.5,20,7.5,17.5,20,15,5,10,10,10,0,11.100000000000001,40,40,40,0,4.6,30,50,20,30,15.699999999999996,10,10,10,0,5.700000000000003,40,40,30,10,8.400000000000002,10,20,10,10,9.7,10,10,10,0,4.800000000000001,10,10,10,0,17.900000000000006
48325,Texas,TX,Medina,within_state,partial,65,65,65,0,Moderate,Moderate,Moderate,TRUE,62.5,62.5,62.5,0,67.5,67.5,67.5,0,50,50,50,0,8.700000000000003,80,80,80,0,3.6999999999999993,80,80,80,0,13.100000000000001,40,40,40,0,4.399999999999999,90,90,90,0,7.899999999999999,90,90,80,10,9.300000000000004,50,50,50,0,3.3000000000000007,40,40,50,10,14.900000000000006
48327,Texas,TX,Menard,within_state,partial,65,48.75,71.25,22.5,Moderate,Low,Moderate,FALSE,67.5,45,77.5,32.5,62.5,52.5,65,12.5,70,50,80,30,4.600000000000001,80,70,90,20,2.3000000000000007,90,30,100,70,7.199999999999996,30,30,40,10,2.6999999999999993,70,70,60,10,8.400000000000002,50,70,30,40,10.100000000000001,60,50,80,30,1.9000000000000004,70,20,90,70,8.200000000000003
48329,Texas,TX,Midland,within_state,partial,77.5,76.25,76.25,0,Moderate,Moderate,Moderate,TRUE,77.5,80,77.5,2.5,77.5,72.5,75,2.5,80,80,80,0,8.200000000000003,100,100,100,0,3.3000000000000007,60,60,60,0,13.399999999999999,70,80,70,10,3.799999999999997,90,90,90,0,8.099999999999998,70,60,70,10,9.099999999999998,80,80,70,10,3.1999999999999993,70,60,70,10,15.000000000000004
48331,Texas,TX,Milam,within_state,partial,67.5,73.75,60,13.75,Moderate,Moderate,Moderate,TRUE,70,75,62.5,12.5,65,72.5,57.5,15,60,70,60,10,9,80,80,70,10,4.200000000000001,70,80,60,20,14.600000000000001,70,70,60,10,4,50,60,40,20,8.799999999999997,60,80,50,30,9.800000000000004,70,70,70,0,3.200000000000001,80,80,70,10,16.200000000000003
48333,Texas,TX,Mills,within_state,partial,90,81.25,90,8.75,High,High,High,TRUE,87.5,90,85,5,92.5,72.5,95,22.5,90,90,90,0,8.400000000000002,70,70,60,10,4.199999999999999,90,100,90,10,14.299999999999997,100,100,100,0,2.9000000000000004,90,70,100,30,4.199999999999999,90,20,100,80,4.899999999999999,90,100,90,10,3,100,100,90,10,15.700000000000003
48335,Texas,TX,Mitchell,within_state,partial,26.25,28.75,37.5,8.75,Low,Low,Low,TRUE,25,32.5,25,7.5,27.5,25,50,25,30,30,30,0,10,20,20,20,0,4.800000000000001,20,40,20,20,15,30,40,30,10,4.700000000000003,30,10,50,40,4.199999999999996,20,10,90,80,4.699999999999999,30,30,30,0,3.6999999999999993,30,50,30,20,17.1
48337,Texas,TX,Montague,within_state,partial,80,85,73.75,11.25,High,High,Moderate,FALSE,77.5,82.5,72.5,10,82.5,87.5,75,12.5,80,90,80,10,8.8,70,70,70,0,4.100000000000001,70,80,50,30,15,90,90,90,0,3.400000000000002,80,80,70,10,8.5,80,90,70,20,9.600000000000001,90,90,90,0,3,80,90,70,20,16.7
48339,Texas,TX,Montgomery,within_state,partial,87.5,75,92.5,17.5,High,Moderate,High,FALSE,80,65,90,25,95,85,95,10,80,70,90,20,6.199999999999999,70,70,80,10,3.6000000000000014,70,20,90,70,8.299999999999997,100,100,100,0,2.9000000000000004,100,100,100,0,7.5,100,90,90,0,8.799999999999997,90,90,90,0,2.700000000000001,90,60,100,40,8.799999999999997
48341,Texas,TX,Moore,within_state,partial,37.5,40,31.25,8.75,Low,Low,Low,TRUE,32.5,35,27.5,7.5,42.5,45,35,10,20,20,10,10,10.100000000000001,20,20,20,0,4.699999999999999,60,70,50,20,14.899999999999999,30,30,30,0,4.800000000000001,60,60,50,10,8.5,30,30,20,10,9.7,20,20,20,0,4,60,70,50,20,16.599999999999998
48343,Texas,TX,Morris,within_state,partial,51.25,56.25,45,11.25,Moderate,Moderate,Low,FALSE,50,55,45,10,52.5,57.5,45,12.5,60,60,50,10,10,30,30,30,0,5.100000000000001,40,60,30,30,16,70,70,70,0,3.8000000000000007,20,20,20,0,8.5,90,90,70,20,9.7,60,60,60,0,3.6999999999999993,40,60,30,30,18.099999999999998
48345,Texas,TX,Motley,within_state,partial,81.25,53.75,93.75,40,High,Moderate,High,FALSE,82.5,60,87.5,27.5,80,47.5,100,52.5,90,80,90,10,4.699999999999999,70,60,80,20,2.5,90,30,100,70,7.899999999999999,80,70,80,10,2.3000000000000007,70,40,100,60,4,70,20,100,80,4.600000000000001,90,80,100,20,1.8000000000000007,90,50,100,50,8.799999999999997
48347,Texas,TX,Nacogdoches,within_state,partial,57.5,56.25,52.5,3.75,Moderate,Moderate,Moderate,TRUE,65,62.5,60,2.5,50,50,45,5,70,70,70,0,8.7,70,70,60,10,4.199999999999999,70,60,60,0,14,50,50,50,0,3.8999999999999986,20,20,20,0,8.599999999999998,90,90,80,10,9.200000000000003,50,50,50,0,3.5,40,40,30,10,16.1
48349,Texas,TX,Navarro,within_state,partial,36.25,40,31.25,8.75,Low,Low,Low,TRUE,42.5,45,35,10,30,35,27.5,7.5,50,50,40,10,9.5,50,50,40,10,4.5,30,40,20,20,15.200000000000003,40,40,40,0,4.400000000000002,20,20,20,0,8.5,40,50,30,20,9.700000000000003,40,40,40,0,3.5,20,30,20,10,17.200000000000003
48351,Texas,TX,Newton,within_state,partial,17.5,20,17.5,2.5,Low,Low,Low,TRUE,15,15,15,0,20,25,20,5,20,20,20,0,10.099999999999998,10,10,10,0,5.599999999999998,10,10,10,0,15,20,20,20,0,4.899999999999999,10,10,10,0,8.799999999999997,10,20,20,0,9.5,40,40,30,10,3.5999999999999996,20,30,20,10,16.6
48353,Texas,TX,Nolan,within_state,partial,27.5,32.5,23.75,8.75,Low,Low,Low,TRUE,25,30,22.5,7.5,30,35,25,10,20,30,20,10,10,30,30,30,0,4.5,30,40,20,20,15.100000000000001,20,20,20,0,4.899999999999999,40,40,30,10,8.299999999999997,30,30,20,10,9.399999999999999,30,30,30,0,3.700000000000001,20,40,20,20,17.1
48355,Texas,TX,Nueces,within_state,partial,42.5,32.5,53.75,21.25,Low,Low,Moderate,FALSE,45,37.5,55,17.5,40,27.5,52.5,25,20,20,30,10,8,70,70,70,0,4.100000000000001,50,20,80,60,9.899999999999999,40,40,40,0,4.099999999999998,60,50,70,20,6.200000000000003,70,30,90,60,7,20,20,20,0,3.6999999999999993,10,10,30,20,10.699999999999996
48357,Texas,TX,Ochiltree,within_state,partial,58.75,43.75,66.25,22.5,Moderate,Low,Moderate,FALSE,62.5,40,70,30,55,47.5,62.5,15,50,30,60,30,5.699999999999999,80,70,90,20,2.5999999999999996,80,30,90,60,8.5,40,30,40,10,3.200000000000003,70,60,70,10,7.300000000000001,50,60,40,20,9.8,40,40,50,10,2.3000000000000007,60,30,90,60,9.600000000000001
48359,Texas,TX,Oldham,within_state,partial,83.75,85,76.25,8.75,High,High,Moderate,FALSE,80,82.5,72.5,10,87.5,87.5,80,7.5,80,90,80,10,8.8,70,70,60,10,4.400000000000002,90,90,70,20,14.899999999999999,80,80,80,0,3.6000000000000014,90,90,90,0,8,90,90,70,20,9.600000000000001,80,80,80,0,3.200000000000001,90,90,80,10,16.7
48361,Texas,TX,Orange,within_state,partial,47.5,47.5,55,7.5,Low,Low,Moderate,FALSE,47.5,50,52.5,2.5,47.5,45,57.5,12.5,60,60,70,10,8.300000000000004,40,40,30,10,4.600000000000001,10,20,30,10,12.400000000000006,80,80,80,0,3.4999999999999982,70,60,70,10,7.400000000000002,20,20,40,20,8.3,80,80,80,0,3.299999999999999,20,20,40,20,13.399999999999999
48363,Texas,TX,Palo Pinto,within_state,partial,61.25,58.75,57.5,1.25,Moderate,Moderate,Moderate,TRUE,52.5,52.5,55,2.5,70,65,60,5,70,70,70,0,8.799999999999997,30,30,40,10,4.399999999999999,50,50,50,0,14,60,60,60,0,2.8999999999999986,50,40,40,0,8.600000000000001,60,50,40,10,9.5,80,80,80,0,3.1000000000000014,90,90,80,10,15.100000000000001
48365,Texas,TX,Panola,within_state,partial,52.5,60,52.5,7.5,Moderate,Moderate,Moderate,TRUE,45,55,45,10,60,65,60,5,70,80,70,10,9.300000000000004,20,30,20,10,4.800000000000001,20,40,20,20,15.200000000000003,70,70,70,0,3.8000000000000007,30,40,30,10,9,70,70,80,10,8.700000000000003,70,70,70,0,3.4000000000000004,70,80,60,20,16.799999999999997
48367,Texas,TX,Parker,within_state,partial,88.75,80,88.75,8.75,High,High,High,TRUE,95,85,97.5,12.5,82.5,75,80,5,100,100,100,0,6.5,100,100,100,0,3.3999999999999986,80,40,90,50,9.899999999999999,100,100,100,0,2.5999999999999996,100,100,90,10,7.900000000000002,40,40,40,0,9.299999999999997,100,100,100,0,2.700000000000001,90,60,90,30,10.600000000000001
48369,Texas,TX,Parmer,within_state,partial,47.5,53.75,45,8.75,Low,Moderate,Low,FALSE,50,52.5,47.5,5,45,55,42.5,12.5,30,30,30,0,9.899999999999999,70,70,70,0,4.299999999999999,80,90,70,20,14.799999999999997,20,20,20,0,4.699999999999999,70,80,70,10,8.599999999999998,30,50,30,20,9.700000000000003,30,30,30,0,3.9000000000000004,50,60,40,20,16.900000000000002
48371,Texas,TX,Pecos,within_state,partial,31.25,35,27.5,7.5,Low,Low,Low,TRUE,40,42.5,35,7.5,22.5,27.5,20,7.5,20,20,20,0,10.200000000000003,80,80,80,0,4.100000000000001,40,50,20,30,15.5,20,20,20,0,4.800000000000001,30,30,30,0,8.799999999999997,20,30,20,10,9.700000000000003,20,20,20,0,4,20,30,10,20,17.799999999999997
48373,Texas,TX,Polk,within_state,partial,42.5,33.75,51.25,17.5,Low,Low,Moderate,FALSE,42.5,32.5,50,17.5,42.5,35,52.5,17.5,50,40,50,10,6.800000000000001,20,20,20,0,4.300000000000001,50,20,80,60,9,50,50,50,0,3.8000000000000007,30,40,30,10,8.5,60,60,60,0,9.3,40,30,40,10,3.200000000000001,40,10,80,70,9.5
48375,Texas,TX,Potter,within_state,partial,25,26.25,21.25,5,Low,Low,Low,TRUE,20,20,17.5,2.5,30,32.5,25,7.5,20,20,20,0,9.699999999999996,20,10,10,0,4.799999999999997,20,30,20,10,14.299999999999997,20,20,20,0,5,20,20,10,10,8.700000000000003,10,20,10,10,9.800000000000004,20,20,20,0,3.8000000000000007,70,70,60,10,15.600000000000001
48377,Texas,TX,Presidio,within_state,partial,12.5,16.25,11.25,5,Low,Low,Low,TRUE,15,20,12.5,7.5,10,12.5,10,2.5,10,10,10,0,10.600000000000001,20,20,10,10,4.900000000000002,20,40,20,20,14.899999999999999,10,10,10,0,5.399999999999999,10,10,10,0,8.899999999999999,10,10,10,0,10,10,10,10,0,4.600000000000001,10,20,10,10,17.200000000000003
48379,Texas,TX,Rains,within_state,partial,78.75,80,71.25,8.75,Moderate,High,Moderate,FALSE,77.5,80,72.5,7.5,80,80,70,10,90,90,90,0,8.399999999999999,50,60,50,10,4.399999999999999,70,70,50,20,14.800000000000004,100,100,100,0,3,80,80,70,10,8.2,70,70,60,10,9.299999999999997,90,90,90,0,2.9000000000000004,80,80,60,20,16.499999999999996
48381,Texas,TX,Randall,within_state,partial,93.75,93.75,91.25,2.5,High,High,High,TRUE,97.5,97.5,95,2.5,90,90,87.5,2.5,100,100,100,0,7.700000000000003,90,90,90,0,3.6999999999999993,100,100,90,10,13.100000000000001,100,100,100,0,2.6999999999999993,90,90,90,0,8.099999999999998,70,70,60,10,9.299999999999997,100,100,100,0,2.9000000000000004,100,100,100,0,14.199999999999996
48383,Texas,TX,Reagan,within_state,partial,61.25,70,52.5,17.5,Moderate,Moderate,Moderate,TRUE,60,70,52.5,17.5,62.5,70,52.5,17.5,40,50,40,10,10.2,90,100,90,10,3.9000000000000004,50,70,30,40,15.899999999999999,60,60,50,10,4.300000000000001,90,90,80,10,8.399999999999999,80,80,60,20,9.599999999999998,30,40,30,10,4,50,70,40,30,17.900000000000002
48385,Texas,TX,Real,within_state,partial,30,31.25,36.25,5,Low,Low,Low,TRUE,32.5,37.5,30,7.5,27.5,25,42.5,17.5,30,40,30,10,9.7,20,20,20,0,4.699999999999999,50,60,40,20,15.100000000000001,30,30,30,0,5.099999999999998,20,10,40,30,5.5,20,10,80,70,6.100000000000001,40,40,30,10,3.6999999999999993,30,40,20,20,17.200000000000003
48387,Texas,TX,Red River,within_state,partial,36.25,42.5,33.75,8.75,Low,Low,Low,TRUE,32.5,35,32.5,2.5,40,50,35,15,50,50,50,0,9.600000000000001,10,10,10,0,5.099999999999998,20,30,20,10,15.100000000000001,50,50,50,0,4,10,20,10,10,8.899999999999999,50,60,40,20,9.8,50,60,50,10,3.5,50,60,40,20,16.9
48389,Texas,TX,Reeves,within_state,partial,20,18.75,27.5,8.75,Low,Low,Low,TRUE,22.5,25,20,5,17.5,12.5,35,22.5,10,10,10,0,10.099999999999994,40,40,40,0,4.399999999999999,30,40,20,20,15.099999999999994,10,10,10,0,4.900000000000002,30,10,50,40,4.400000000000006,10,10,70,60,4.899999999999999,10,10,10,0,4.4,20,20,10,10,17.4
48391,Texas,TX,Refugio,within_state,partial,42.5,47.5,38.75,8.75,Low,Low,Low,TRUE,47.5,52.5,45,7.5,37.5,42.5,32.5,10,30,40,30,10,9.5,80,80,80,0,4.000000000000002,50,60,40,20,14.899999999999999,30,30,30,0,4.900000000000002,50,50,40,10,8.299999999999997,30,40,30,10,9.499999999999996,30,30,30,0,3.799999999999999,40,50,30,20,17
48393,Texas,TX,Roberts,within_state,partial,92.5,81.25,88.75,7.5,High,High,High,TRUE,90,92.5,82.5,10,95,70,95,25,90,100,90,10,8.399999999999999,80,80,70,10,4.199999999999999,90,90,70,20,14.800000000000004,100,100,100,0,3.0999999999999996,100,70,100,30,4,90,20,100,80,4.399999999999999,100,100,100,0,3,90,90,80,10,16.700000000000003
48395,Texas,TX,Robertson,within_state,partial,53.75,58.75,51.25,7.5,Moderate,Moderate,Moderate,TRUE,52.5,60,50,10,55,57.5,52.5,5,60,70,60,10,9.299999999999997,60,70,60,10,4.200000000000001,30,40,20,20,14.899999999999999,60,60,60,0,4,20,20,20,0,8.8,60,60,50,10,9.600000000000001,70,70,70,0,3.4000000000000004,70,80,70,10,16.300000000000004
48397,Texas,TX,Rockwall,within_state,partial,98.75,97.5,96.25,1.25,High,High,High,TRUE,100,100,100,0,97.5,95,92.5,2.5,100,100,100,0,6.799999999999997,100,100,100,0,3.1999999999999993,100,100,100,0,12.700000000000003,100,100,100,0,2.5,100,100,90,10,8.500000000000004,90,80,80,0,9.099999999999998,100,100,100,0,2.799999999999999,100,100,100,0,13.799999999999997
48399,Texas,TX,Runnels,within_state,partial,62.5,70,58.75,11.25,Moderate,Moderate,Moderate,TRUE,62.5,70,60,10,62.5,70,57.5,12.5,60,60,60,0,9.099999999999998,70,80,70,10,4.199999999999999,50,60,40,20,14.799999999999997,70,80,70,10,3.599999999999998,60,70,60,10,8.3,60,60,50,10,9.699999999999996,60,70,60,10,3.5,70,80,60,20,16.4
48401,Texas,TX,Rusk,within_state,partial,60,65,58.75,6.25,Moderate,Moderate,Moderate,TRUE,60,65,60,5,60,65,57.5,7.5,80,80,80,0,8.600000000000001,50,60,50,10,4.199999999999999,40,50,40,10,14.399999999999999,70,70,70,0,3.8999999999999986,30,40,30,10,8.7,90,90,80,10,9.399999999999999,70,70,70,0,3.200000000000001,50,60,50,10,16.4
48403,Texas,TX,Sabine,within_state,partial,50,53.75,45,8.75,Moderate,Moderate,Low,FALSE,52.5,52.5,47.5,5,47.5,55,42.5,12.5,60,60,60,0,9.300000000000004,10,10,10,0,5.100000000000001,60,60,50,10,14.5,80,80,70,10,3.8000000000000007,20,20,20,0,8.599999999999998,30,40,20,20,9.7,70,80,70,10,3.3000000000000007,70,80,60,20,16.5
48405,Texas,TX,San Augustine,within_state,partial,18.75,26.25,17.5,8.75,Low,Low,Low,TRUE,12.5,20,12.5,7.5,25,32.5,22.5,10,20,20,20,0,10.7,10,10,10,0,5.600000000000001,10,40,10,30,16.200000000000003,10,10,10,0,4.899999999999999,10,10,10,0,9.100000000000001,50,60,40,20,9.799999999999997,30,30,30,0,3.9999999999999982,10,30,10,20,18.400000000000006
48407,Texas,TX,San Jacinto,within_state,partial,47.5,55,45,10,Low,Moderate,Low,FALSE,40,45,40,5,55,65,50,15,50,60,50,10,9.5,20,20,20,0,4.899999999999999,40,50,40,10,14.5,50,50,50,0,4.100000000000001,30,40,30,10,8.599999999999998,60,70,50,20,9.700000000000003,60,70,60,10,3.299999999999999,70,80,60,20,16.1
48409,Texas,TX,San Patricio,within_state,partial,41.25,42.5,45,2.5,Low,Low,Low,TRUE,42.5,45,47.5,2.5,40,40,42.5,2.5,30,40,40,0,8.799999999999997,80,80,80,0,4,20,20,30,10,12.700000000000003,40,40,40,0,4.5,60,60,60,0,7.899999999999999,60,60,60,0,8.999999999999996,30,30,30,0,3.599999999999998,10,10,20,10,14.399999999999999
48411,Texas,TX,San Saba,within_state,partial,50,55,47.5,7.5,Moderate,Moderate,Low,FALSE,50,55,45,10,50,55,50,5,60,60,50,10,9.299999999999997,40,50,40,10,4.5,50,60,40,20,14.799999999999997,50,50,50,0,4.300000000000001,50,50,50,0,8.099999999999998,40,40,50,10,8.900000000000002,60,70,60,10,3.3999999999999986,50,60,40,20,16.900000000000002
48413,Texas,TX,Schleicher,within_state,partial,56.25,43.75,73.75,30,Moderate,Low,Moderate,FALSE,47.5,32.5,67.5,35,65,55,80,25,30,20,50,30,5.5,60,40,70,30,2.4999999999999982,50,20,90,70,7.899999999999999,50,50,60,10,2.6000000000000014,90,90,100,10,7,80,80,90,10,8.8,40,30,50,20,2.1999999999999993,50,20,80,60,8.899999999999999
48415,Texas,TX,Scurry,within_state,partial,46.25,50,40,10,Low,Moderate,Low,FALSE,40,42.5,37.5,5,52.5,57.5,42.5,15,40,40,40,0,9.5,40,40,40,0,4.299999999999997,50,60,40,20,14.899999999999999,30,30,30,0,4.400000000000002,50,60,40,20,8.899999999999999,60,60,40,20,9.8,40,50,40,10,3.6999999999999993,60,60,50,10,16.699999999999996
48417,Texas,TX,Shackelford,within_state,partial,92.5,85,90,5,High,High,High,TRUE,95,97.5,90,7.5,90,72.5,90,17.5,100,100,100,0,8.3,90,90,80,10,4.1,90,100,80,20,15,100,100,100,0,2.6999999999999993,100,80,100,20,4.5000000000000036,90,30,100,70,5.199999999999999,100,100,100,0,3,70,80,60,20,17.1
48419,Texas,TX,Shelby,within_state,partial,25,28.75,17.5,11.25,Low,Low,Low,TRUE,22.5,25,15,10,27.5,32.5,20,12.5,30,30,20,10,10.5,10,10,10,0,5.099999999999998,30,40,10,30,15.899999999999999,20,20,20,0,4.799999999999997,10,10,10,0,9.100000000000001,30,40,20,20,9.900000000000002,40,40,30,10,3.9000000000000004,30,40,20,20,18
48421,Texas,TX,Sherman,within_state,partial,68.75,71.25,60,11.25,Moderate,Moderate,Moderate,TRUE,67.5,70,60,10,70,72.5,60,12.5,70,70,60,10,9.400000000000002,70,70,70,0,4.1,70,80,50,30,15.200000000000003,60,60,60,0,3.8000000000000007,90,90,80,10,8.3,60,60,40,20,9.799999999999997,60,60,60,0,3.3000000000000007,70,80,60,20,17.1
48423,Texas,TX,Smith,within_state,partial,55,55,56.25,1.25,Moderate,Moderate,Moderate,TRUE,62.5,62.5,60,2.5,47.5,47.5,52.5,5,80,80,70,10,8.400000000000002,60,60,50,10,4.200000000000001,40,40,50,10,13.199999999999996,70,70,70,0,3.6999999999999993,30,40,30,10,8.399999999999999,40,40,50,10,8.999999999999996,70,70,70,0,3.1999999999999993,50,40,60,20,14.5
48425,Texas,TX,Somervell,within_state,partial,97.5,98.75,95,3.75,High,High,High,TRUE,100,100,100,0,95,97.5,90,7.5,100,100,100,0,7.199999999999999,100,100,100,0,3.3000000000000007,100,100,100,0,13.499999999999996,100,100,100,0,3,100,100,90,10,8.399999999999999,80,90,70,20,9.700000000000003,100,100,100,0,2.799999999999999,100,100,100,0,14.899999999999999
48427,Texas,TX,Starr,within_state,partial,13.75,17.5,13.75,3.75,Low,Low,Low,TRUE,17.5,20,17.5,2.5,10,15,10,5,10,10,10,0,10.600000000000001,40,40,40,0,4.5,10,20,10,10,14.800000000000004,10,10,10,0,5.800000000000004,10,20,10,10,9.100000000000001,10,20,10,10,10,10,10,10,0,4.800000000000001,10,10,10,0,17.199999999999996
48429,Texas,TX,Stephens,within_state,partial,50,53.75,42.5,11.25,Moderate,Moderate,Low,FALSE,42.5,45,37.5,7.5,57.5,62.5,47.5,15,50,50,40,10,9.5,20,20,20,0,4.700000000000003,40,50,30,20,14.800000000000004,60,60,60,0,4.099999999999998,60,70,50,20,8.8,50,50,30,20,9.700000000000003,60,60,60,0,3.5,60,70,50,20,16.500000000000004
48431,Texas,TX,Sterling,within_state,partial,90,61.25,97.5,36.25,High,Moderate,High,FALSE,90,72.5,97.5,25,90,50,97.5,47.5,90,80,100,20,3.8999999999999986,90,90,100,10,2,90,30,100,70,6.5,90,90,90,0,1.8000000000000007,90,70,100,30,4.5,90,20,100,80,5.300000000000004,90,70,90,20,1.700000000000001,90,40,100,60,7.299999999999997
48433,Texas,TX,Stonewall,within_state,partial,58.75,32.5,78.75,46.25,Moderate,Low,Moderate,FALSE,52.5,35,67.5,32.5,65,30,90,60,50,40,70,30,5.100000000000001,30,20,40,20,2.799999999999997,60,20,90,70,7.800000000000004,70,60,70,10,2.3999999999999986,60,30,90,60,4.399999999999999,70,20,100,80,4.899999999999999,70,50,80,30,2,60,20,90,70,8.799999999999997
48435,Texas,TX,Sutton,within_state,partial,37.5,35,43.75,8.75,Low,Low,Low,TRUE,35,42.5,32.5,10,40,27.5,55,27.5,20,20,20,0,10.199999999999996,50,60,50,10,4.399999999999999,50,70,40,30,15.199999999999996,20,20,20,0,5.200000000000003,70,40,90,50,4.600000000000001,50,10,90,80,5.200000000000003,20,20,20,0,4,20,40,20,20,17.299999999999997
48437,Texas,TX,Swisher,within_state,partial,21.25,28.75,15,13.75,Low,Low,Low,TRUE,27.5,32.5,17.5,15,15,25,12.5,12.5,30,30,20,10,10.7,40,40,30,10,4.699999999999999,30,50,10,40,16.6,10,10,10,0,5.100000000000001,10,10,10,0,9.700000000000003,20,30,10,20,10,20,30,20,10,4.299999999999999,10,30,10,20,19.1
48439,Texas,TX,Tarrant,within_state,partial,65,50,75,25,Moderate,Moderate,Moderate,TRUE,75,62.5,82.5,20,55,37.5,67.5,30,90,80,90,10,5.800000000000001,90,90,90,0,3.299999999999999,60,20,90,70,7.600000000000001,60,60,60,0,3.5,70,50,80,30,6.0000000000000036,10,10,30,20,6.899999999999999,70,60,70,10,2.9000000000000004,70,30,90,60,8.100000000000001
48441,Texas,TX,Taylor,within_state,partial,81.25,81.25,78.75,2.5,High,High,Moderate,FALSE,82.5,82.5,82.5,0,80,80,75,5,80,80,80,0,8.299999999999997,80,80,80,0,3.900000000000002,80,80,80,0,13.600000000000001,90,90,90,0,3.1999999999999993,60,60,60,0,8.099999999999998,100,100,90,10,9.099999999999998,70,70,70,0,3.3000000000000007,90,90,80,10,14.999999999999996
48443,Texas,TX,Terrell,within_state,partial,78.75,85,76.25,8.75,Moderate,High,Moderate,FALSE,92.5,95,90,5,65,75,62.5,12.5,90,90,90,0,8.5,100,100,100,0,3.299999999999999,90,100,80,20,14.8,90,90,90,0,3.0999999999999996,50,60,50,10,8.299999999999997,30,50,40,10,9.5,90,90,80,10,3.3000000000000007,90,100,80,20,16.5
48445,Texas,TX,Terry,within_state,partial,15,22.5,13.75,8.75,Low,Low,Low,TRUE,15,22.5,15,7.5,15,22.5,12.5,10,10,20,10,10,10.599999999999998,20,20,20,0,4.900000000000002,10,30,10,20,15.299999999999997,20,20,20,0,4.799999999999997,20,20,20,0,8.799999999999997,20,30,10,20,9.900000000000002,10,20,10,10,4.199999999999999,10,20,10,10,17.300000000000004
48447,Texas,TX,Throckmorton,within_state,partial,78.75,47.5,93.75,46.25,Moderate,Low,High,FALSE,82.5,60,92.5,32.5,75,35,95,60,90,80,100,20,3.8000000000000007,80,70,90,20,2.1000000000000014,90,20,100,80,6.5,70,70,80,10,2.1999999999999993,70,30,90,60,4.299999999999997,70,20,100,80,4.800000000000001,90,70,90,20,1.6000000000000014,70,20,100,80,7.399999999999999
48449,Texas,TX,Titus,within_state,partial,31.25,35,30,5,Low,Low,Low,TRUE,32.5,35,30,5,30,35,30,5,30,30,30,0,9.8,40,40,40,0,4.399999999999999,20,30,10,20,15,40,40,40,0,4.5,30,30,30,0,8.299999999999997,20,30,20,10,9.5,30,30,30,0,3.700000000000001,40,50,40,10,16.700000000000003
48451,Texas,TX,Tom Green,within_state,partial,67.5,67.5,65,2.5,Moderate,Moderate,Moderate,TRUE,65,62.5,62.5,0,70,72.5,67.5,5,60,60,60,0,8.8,70,70,70,0,4,70,60,60,0,14,60,60,60,0,3.8999999999999986,70,70,70,0,8,80,90,80,10,9.199999999999996,50,50,50,0,3.4000000000000004,80,80,70,10,15.5
48453,Texas,TX,Travis,within_state,partial,97.5,88.75,98.75,10,High,High,High,TRUE,100,100,100,0,95,77.5,97.5,20,100,100,100,0,4.899999999999999,100,100,100,0,2.799999999999999,100,100,100,0,6.600000000000001,100,100,100,0,2.5999999999999996,100,100,100,0,4.800000000000001,90,30,100,70,5.799999999999997,90,80,90,10,2.6999999999999993,100,100,100,0,6.899999999999999
48455,Texas,TX,Trinity,within_state,partial,53.75,53.75,50,3.75,Moderate,Moderate,Moderate,TRUE,55,55,50,5,52.5,52.5,50,2.5,70,70,60,10,9,30,30,30,0,4.600000000000001,60,60,50,10,14.600000000000001,60,60,60,0,4.100000000000001,20,20,20,0,8.299999999999997,60,60,60,0,9.3,70,70,70,0,3.4000000000000004,60,60,50,10,16.3
48457,Texas,TX,Tyler,within_state,partial,43.75,48.75,37.5,11.25,Low,Low,Low,TRUE,45,47.5,40,7.5,42.5,50,35,15,60,70,60,10,9.3,20,20,20,0,4.800000000000001,60,60,40,20,15,40,40,40,0,4.599999999999998,30,30,20,10,8.899999999999999,40,50,30,20,9.700000000000003,60,70,60,10,3.5,40,50,30,20,17
48459,Texas,TX,Upshur,within_state,partial,52.5,58.75,47.5,11.25,Moderate,Moderate,Low,FALSE,47.5,52.5,45,7.5,57.5,65,50,15,60,60,60,0,9.5,10,20,10,10,5.099999999999998,60,70,50,20,14.999999999999996,60,60,60,0,4,40,50,40,10,8.7,90,90,70,20,9.600000000000001,60,70,60,10,3.5,40,50,30,20,16.9
48461,Texas,TX,Upton,within_state,partial,37.5,31.25,50,18.75,Low,Low,Moderate,FALSE,32.5,20,47.5,27.5,42.5,42.5,52.5,10,20,10,20,10,5.300000000000004,30,20,40,20,2.6000000000000014,40,10,80,70,7.5,40,40,50,10,2.6000000000000014,70,80,70,10,8.599999999999998,60,70,50,20,9.700000000000003,20,10,30,20,2.1999999999999993,20,10,60,50,8.5
48463,Texas,TX,Uvalde,within_state,partial,42.5,48.75,37.5,11.25,Low,Low,Low,TRUE,50,52.5,45,7.5,35,45,30,15,20,20,20,0,9.899999999999999,90,90,80,10,3.9000000000000004,60,70,50,20,14.899999999999999,30,30,30,0,4.699999999999999,70,70,60,10,8.500000000000004,30,50,20,30,10,20,20,20,0,3.900000000000002,20,40,20,20,17.199999999999996
48465,Texas,TX,Val Verde,within_state,partial,35,38.75,33.75,5,Low,Low,Low,TRUE,42.5,42.5,40,2.5,27.5,35,27.5,7.5,20,20,20,0,9.900000000000002,80,80,80,0,3.9999999999999982,60,60,50,10,14.599999999999994,10,10,10,0,5.299999999999997,50,60,50,10,8.299999999999997,30,40,30,10,9.600000000000001,10,10,10,0,4.199999999999999,20,30,20,10,16.800000000000004
48467,Texas,TX,Van Zandt,within_state,partial,68.75,75,63.75,11.25,Moderate,Moderate,Moderate,TRUE,67.5,75,65,10,70,75,62.5,12.5,70,80,70,10,8.8,40,50,40,10,4.5,80,90,70,20,14.400000000000002,80,80,80,0,3.5999999999999996,70,70,60,10,8.5,30,40,20,20,9.599999999999998,90,90,90,0,3.0999999999999996,90,100,80,20,16.099999999999998
48469,Texas,TX,Victoria,within_state,partial,51.25,52.5,46.25,6.25,Moderate,Moderate,Low,FALSE,52.5,52.5,45,7.5,50,52.5,47.5,5,40,40,40,0,9.399999999999999,70,70,60,10,4.200000000000001,60,60,40,20,14.600000000000001,40,40,40,0,4.5,60,60,60,0,8.3,30,40,40,0,9.399999999999999,50,50,40,10,3.6999999999999993,60,60,50,10,16.4
48471,Texas,TX,Walker,within_state,partial,28.75,32.5,27.5,5,Low,Low,Low,TRUE,30,32.5,30,2.5,27.5,32.5,25,7.5,50,50,50,0,9.5,20,20,20,0,4.799999999999997,10,20,10,10,14.899999999999999,40,40,40,0,4.400000000000002,10,10,10,0,8.899999999999999,40,50,40,10,9.5,40,40,30,10,3.799999999999999,20,30,20,10,16.6
48473,Texas,TX,Waller,within_state,partial,60,61.25,56.25,5,Moderate,Moderate,Moderate,TRUE,65,65,62.5,2.5,55,57.5,50,7.5,60,60,60,0,8.899999999999999,80,80,80,0,4.000000000000002,70,70,60,10,14.100000000000001,50,50,50,0,4.100000000000001,50,60,50,10,8.7,90,90,80,10,9.399999999999999,50,50,50,0,3.4000000000000004,30,30,20,10,16.299999999999997
48475,Texas,TX,Ward,within_state,partial,35,43.75,32.5,11.25,Low,Low,Low,TRUE,37.5,42.5,35,7.5,32.5,45,30,15,30,30,30,0,9.900000000000002,50,60,50,10,4.200000000000001,40,50,30,20,14.900000000000006,30,30,30,0,4.5,50,50,40,10,8.7,20,50,20,30,10,30,30,30,0,3.599999999999998,30,50,30,20,16.9
48477,Texas,TX,Washington,within_state,partial,76.25,81.25,73.75,7.5,Moderate,High,Moderate,FALSE,75,80,72.5,7.5,77.5,82.5,75,7.5,80,80,80,0,8.7,70,80,70,10,4.199999999999999,70,80,60,20,15,80,80,80,0,3.700000000000001,50,60,50,10,8.600000000000001,100,100,100,0,9.2,80,80,80,0,3.200000000000001,80,90,70,20,16.700000000000003
48479,Texas,TX,Webb,within_state,partial,46.25,48.75,42.5,6.25,Low,Low,Low,TRUE,62.5,62.5,57.5,5,30,35,27.5,7.5,30,30,30,0,9.699999999999996,100,100,100,0,3.1999999999999993,90,90,80,10,13.8,30,30,20,10,4.699999999999999,70,80,60,20,8.7,10,10,10,0,9.899999999999999,10,20,10,10,3.9000000000000004,30,30,30,0,15.899999999999999
48481,Texas,TX,Wharton,within_state,partial,37.5,42.5,35,7.5,Low,Low,Low,TRUE,37.5,40,37.5,2.5,37.5,45,32.5,12.5,40,40,40,0,9.7,50,50,50,0,4.299999999999999,40,40,30,10,14.800000000000004,20,30,30,0,4.700000000000003,50,50,40,10,8.7,30,50,30,20,9.700000000000003,40,40,40,0,3.700000000000001,30,40,20,20,16.799999999999997
48483,Texas,TX,Wheeler,within_state,partial,47.5,42.5,56.25,13.75,Low,Low,Moderate,FALSE,47.5,47.5,42.5,5,47.5,37.5,70,32.5,50,50,50,0,9.399999999999999,30,30,30,0,4.699999999999999,60,60,40,20,15.099999999999994,50,50,50,0,4.199999999999999,40,20,80,60,4.200000000000003,40,10,100,90,4.899999999999999,60,60,60,0,3.4000000000000004,50,60,40,20,17
48485,Texas,TX,Wichita,within_state,partial,53.75,55,52.5,2.5,Moderate,Moderate,Moderate,TRUE,62.5,65,62.5,2.5,45,45,42.5,2.5,80,80,80,0,8.600000000000001,60,60,60,0,4.199999999999999,50,60,50,10,14.100000000000001,60,60,60,0,4.100000000000001,20,20,10,10,9,40,40,40,0,9.399999999999999,60,60,60,0,3.4000000000000004,60,60,60,0,15.599999999999998
48487,Texas,TX,Wilbarger,within_state,partial,25,28.75,27.5,1.25,Low,Low,Low,TRUE,22.5,22.5,25,2.5,27.5,35,30,5,30,30,30,0,9.099999999999998,10,10,20,10,4.5,30,30,30,0,13.600000000000001,20,20,20,0,4.900000000000002,20,20,20,0,8.7,30,60,40,20,9.7,30,30,30,0,3.5,30,30,30,0,15.399999999999999
48489,Texas,TX,Willacy,within_state,partial,15,15,23.75,8.75,Low,Low,Low,TRUE,20,17.5,37.5,20,10,12.5,10,2.5,10,10,10,0,5.700000000000003,50,40,60,20,3.1000000000000014,10,10,70,60,6.5,10,10,10,0,4.199999999999996,10,10,10,0,8.899999999999999,10,20,10,10,9.799999999999997,10,10,10,0,3,10,10,10,0,7.199999999999996
48491,Texas,TX,Williamson,within_state,partial,96.25,92.5,98.75,6.25,High,High,High,TRUE,100,100,100,0,92.5,85,97.5,12.5,100,100,100,0,5.399999999999999,100,100,100,0,2.5999999999999996,100,100,100,0,8.400000000000002,100,100,100,0,2.4000000000000004,100,100,100,0,6.599999999999998,70,40,90,50,7.699999999999999,100,100,100,0,2.5,100,100,100,0,8.700000000000003
48493,Texas,TX,Wilson,within_state,partial,67.5,71.25,71.25,0,Moderate,Moderate,Moderate,TRUE,72.5,75,77.5,2.5,62.5,67.5,65,2.5,60,70,70,0,8.500000000000004,80,80,80,0,3.8000000000000007,70,70,80,10,13.3,80,80,80,0,3.5999999999999996,90,100,90,10,8.399999999999999,80,90,80,10,9.299999999999997,60,60,60,0,3.1999999999999993,20,20,30,10,15.200000000000003
48495,Texas,TX,Winkler,within_state,partial,48.75,36.25,60,23.75,Low,Low,Moderate,FALSE,47.5,30,60,30,50,42.5,60,17.5,30,20,40,20,5,60,50,70,20,2.3999999999999986,70,20,100,80,6.899999999999999,30,30,30,0,2.799999999999997,80,80,70,10,8.500000000000004,40,50,30,20,9.899999999999999,30,20,50,30,2,50,20,90,70,7.799999999999997
48497,Texas,TX,Wise,within_state,partial,62.5,60,65,5,Moderate,Moderate,Moderate,TRUE,57.5,55,57.5,2.5,67.5,65,72.5,7.5,80,70,80,10,8,50,50,50,0,4.199999999999999,10,10,10,0,12,90,90,90,0,3.3000000000000007,90,90,90,0,8.2,50,60,50,10,9.5,90,90,90,0,3,40,20,60,40,13
48499,Texas,TX,Wood,within_state,partial,80,82.5,78.75,3.75,High,High,Moderate,FALSE,80,82.5,80,2.5,80,82.5,77.5,5,90,90,90,0,8.400000000000002,60,60,60,0,4.199999999999999,90,100,90,10,14.099999999999998,80,80,80,0,3.6000000000000014,70,70,60,10,8.500000000000004,70,80,70,10,9.600000000000001,90,90,90,0,3,90,90,90,0,15.800000000000004
48501,Texas,TX,Yoakum,within_state,partial,37.5,41.25,30,11.25,Low,Low,Low,TRUE,25,27.5,20,7.5,50,55,40,15,10,10,10,0,10.699999999999996,30,30,30,0,4.699999999999999,40,50,20,30,15.600000000000001,20,20,20,0,4.899999999999999,80,80,70,10,8.400000000000002,60,70,50,20,9.799999999999997,20,20,20,0,4.100000000000001,40,50,20,30,17.6
48503,Texas,TX,Young,within_state,partial,66.25,71.25,60,11.25,Moderate,Moderate,Moderate,TRUE,60,62.5,55,7.5,72.5,80,65,15,60,60,60,0,9.2,30,30,30,0,4.5,60,70,40,30,15,90,90,90,0,3.700000000000001,70,80,60,20,8.8,80,90,70,20,9.900000000000002,80,80,80,0,3.1999999999999993,60,70,50,20,16.900000000000002
48505,Texas,TX,Zapata,within_state,partial,11.25,16.25,11.25,5,Low,Low,Low,TRUE,10,12.5,10,2.5,12.5,20,12.5,7.5,10,10,10,0,11,10,10,10,0,5,10,20,10,10,15.5,10,10,10,0,6.299999999999997,20,30,20,10,9.2,10,30,10,20,10.199999999999996,10,10,10,0,4.899999999999999,10,10,10,0,17.800000000000004
48507,Texas,TX,Zavala,within_state,partial,15,17.5,22.5,5,Low,Low,Low,TRUE,20,25,20,5,10,10,25,15,10,10,10,0,11.100000000000001,50,60,50,10,4.6,10,20,10,10,15.399999999999999,10,10,10,0,5.899999999999999,10,10,30,20,4.600000000000001,10,10,50,40,5.100000000000001,10,10,10,0,4.900000000000002,10,10,10,0,17.800000000000004
